"Variable","Jurisdiction","Use","SubUse","Samples","Days","Average","Condition","Guideline","Unit","Comments","Date","URL","TableNumber"
"Aluminium - Dissolved","BC","Drinking",NA,1,1,"mean",NA,"<= 0.2","mg/L",NA,2014-12-21,"http://www.env.gov.bc.ca/wat/wq/BCguidelines/aluminum/aluminum.html",NA
"Aluminium - Dissolved","BC","Freshwater Life",NA,1,1,"mean","pH >= 6.5","<= 0.1","mg/L",NA,2014-12-21,"http://www.env.gov.bc.ca/wat/wq/BCguidelines/aluminum/aluminum.html",NA
"Aluminium - Dissolved","BC","Freshwater Life",NA,5,30,"mean","median(pH) >=6.5","<= 0.05","mg/L",NA,2014-12-21,"http://www.env.gov.bc.ca/wat/wq/BCguidelines/aluminum/aluminum.html",NA
"Aluminium - Dissolved","BC","Freshwater Life",NA,1,1,"mean","pH < 6.5","<= exp(1.209 - 2.426 * pH + 0.286 * pH^2)","mg/L",NA,2014-12-21,"http://www.env.gov.bc.ca/wat/wq/BCguidelines/aluminum/aluminum.html",NA
"Aluminium - Dissolved","BC","Freshwater Life",NA,5,30,"mean","median(pH) < 6.5","<= exp(1.6 - 3.327 * median(pH) + 0.402 * median(pH)^2)","mg/L",NA,2014-12-21,"http://www.env.gov.bc.ca/wat/wq/BCguidelines/aluminum/aluminum.html",NA
"Aluminum - Total","BC","Wildlife",NA,1,1,"mean",NA,"<= 5","mg/L",NA,2014-12-21,"http://www.env.gov.bc.ca/wat/wq/BCguidelines/aluminum/aluminum.html",NA
"Aluminum - Total","BC","Livestock",NA,1,1,"mean",NA,"<= 5","mg/L",NA,2014-12-21,"http://www.env.gov.bc.ca/wat/wq/BCguidelines/aluminum/aluminum.html",NA
"Aluminum - Total","BC","Irrigation",NA,1,1,"mean",NA,"<= 5","mg/L",NA,2014-12-21,"http://www.env.gov.bc.ca/wat/wq/BCguidelines/aluminum/aluminum.html",NA
"Aluminum - Total","BC","Recreation",NA,1,1,"mean",NA,"<= 0.2","mg/L",NA,2014-12-21,"http://www.env.gov.bc.ca/wat/wq/BCguidelines/aluminum/aluminum.html",NA
"Arsenic","BC","Drinking",NA,1,1,"mean",NA,"<= 25","ug/L",NA,2014-12-21,"http://www.env.gov.bc.ca/wat/wq/BCguidelines/arsenic/index.html",NA
"Arsenic","BC","Freshwater Life",NA,1,1,"mean",NA,"<= 5","ug/L",NA,2014-12-21,"http://www.env.gov.bc.ca/wat/wq/BCguidelines/arsenic/index.html",NA
"Arsenic","BC","Marine Life",NA,1,1,"mean",NA,"<= 12.5","ug/L",NA,2014-12-21,"http://www.env.gov.bc.ca/wat/wq/BCguidelines/arsenic/index.html",NA
"Arsenic","BC","Irrigation",NA,1,1,"mean",NA,"<= 100","ug/L",NA,2014-12-21,"http://www.env.gov.bc.ca/wat/wq/BCguidelines/arsenic/index.html",NA
"Arsenic","BC","Livestock",NA,1,1,"mean",NA,"<= 25","ug/L",NA,2014-12-21,"http://www.env.gov.bc.ca/wat/wq/BCguidelines/arsenic/index.html",NA
"Arsenic","BC","Wildlife",NA,1,1,"mean",NA,"<= 25","ug/L",NA,2014-12-21,"http://www.env.gov.bc.ca/wat/wq/BCguidelines/arsenic/index.html",NA
"Cadmium","CA","Drinking",NA,1,1,"mean","for Aquatic life ","I will do this later","ug/L",NA,2014-12-21,"http://www.env.gov.bc.ca/wat/wq/BCguidelines/chlorophenols/chlorophenol.html#table3",NA
"Cadmium","CA","Freshwater Life",NA,1,1,"mean",NA,"<= 5","ug/L",NA,2014-12-21,"http://st-ts.ccme.ca/en/index.html?chems=all&chapters=1&pdf=1",NA
"Cadmium","CA","Marine Life",NA,1,1,"mean",NA,"<= 0.09","ug/L",NA,2014-12-21,"http://st-ts.ccme.ca/en/index.html?chems=all&chapters=1&pdf=1",NA
"Cadmium","CA","Irrigation",NA,1,1,"mean",NA,"<= 0.12","ug/L",NA,2014-12-21,"http://st-ts.ccme.ca/en/index.html?chems=all&chapters=2&pdf=1",NA
"Cadmium","CA","Livestock",NA,1,1,"mean",NA,"<= 5.1","ug/L",NA,2014-12-21,"http://st-ts.ccme.ca/en/index.html?chems=all&chapters=2&pdf=1",NA
"Clarity","CA","Recreation",NA,1,1,"mean",NA,"<= 80","m",NA,2014-12-21,"http://www.hc-sc.gc.ca/ewh-semt/pubs/water-eau/guide_water-2012-guide_eau/index-eng.php",NA
"Copper","BC","Drinking",NA,1,1,"mean",NA,"<= 500","ug/L",NA,2006-01-08,"bc_pdf","9"
"Copper","BC","Freshwater Life",NA,1,1,"mean","average water hardness as CaC03 <= 50 mg/L","(0.094(hardness)+2) ?g/L
(hardness as mg/L CaCO3)","ug/L",NA,2006-01-08,"bc_pdf","9"
"Copper","BC","Freshwater Life",NA,5,30,"mean","average water hardness as CaC03 <= 50 mg/L","<= 2","ug/L",NA,2006-01-08,"bc_pdf","9"
"Copper","BC","Freshwater Life",NA,1,1,"mean","average water hardness as CaC03 > 50 mg/L","(0.094(hardness)+2) ?g/L
(hardness as mg/L CaCO3)","ug/L",NA,2006-01-08,"bc_pdf","9"
"Copper","BC","Freshwater Life",NA,5,30,"mean","average water hardness as CaC03 > 50 mg/L","<= 4","ug/L",NA,2006-01-08,"bc_pdf","9"
"Copper","BC","Wildlife",NA,1,1,"mean",NA,"<= 300","ug/L",NA,2006-01-08,"bc_pdf","9"
"Copper","BC","Livestock",NA,1,1,"mean",NA,"<= 300","ug/L",NA,2006-01-08,"bc_pdf","9"
"Copper","BC","Irrigation",NA,1,1,"mean",NA,"<= 200","ug/L",NA,2006-01-08,"bc_pdf","9"
"Copper","BC","Recreation",NA,1,1,"mean",NA,"<= 1000","ug/L",NA,2006-01-08,"bc_pdf","9"
"Copper","BC","Marine Life",NA,1,1,"mean",NA,"<= 3","ug/L",NA,2006-01-08,"bc_pdf","9"
"Copper","BC","Marine Life",NA,5,30,"mean",NA,"<= 2","ug/L",NA,2006-01-08,"bc_pdf","9"
"Chloride","BC","Freshwater Life",NA,5,30,"mean",NA,"<= 150","mg/L",NA,2014-12-23,"http://www.env.gov.bc.ca/wat/wq/BCguidelines/chloride/chloride.html",NA
"Chloride","BC","Irrigation",NA,1,1,"mean",NA,"<= 100","mg/L",NA,2014-12-23,"http://www.env.gov.bc.ca/wat/wq/BCguidelines/chloride/chloride.html",NA
"Chloride","BC","Livestock",NA,1,1,"mean",NA,"<= 600","mg/L",NA,2014-12-23,"http://www.env.gov.bc.ca/wat/wq/BCguidelines/chloride/chloride.html",NA
"Chloride","BC","Wildlife",NA,1,1,"mean",NA,"<= 600","mg/L",NA,2014-12-23,"http://www.env.gov.bc.ca/wat/wq/BCguidelines/chloride/chloride.html",NA
"Chlorine ","BC","Freshwater Life ",NA,5,30,"mean",NA,"<= 2","ug/L",NA,2014-12-23,"http://www.env.gov.bc.ca/wat/wq/BCguidelines/chlorine/chlorine.html#11",NA
"Chlorine ","BC","Freshwater Life ",NA,1,1,"mean",NA,"<= 1074*(duration)^(-0.74)","ug/L",NA,2014-12-23,"http://www.env.gov.bc.ca/wat/wq/BCguidelines/chlorine/chlorine.html#11",NA
"Chlorine ","BC","Freshwater Life ",NA,1,1,"maximum","Duration of Exposure in mins <= 25","<= 100","ug/L",NA,2014-12-23,"http://www.env.gov.bc.ca/wat/wq/BCguidelines/chlorine/chlorine.html#11",NA
"Chlorine ","BC","Freshwater Life ",NA,1,1,"maximum","Duration of Exposure in mins 25 ~ 30 ","<= 87","ug/L",NA,2014-12-23,"http://www.env.gov.bc.ca/wat/wq/BCguidelines/chlorine/chlorine.html#11",NA
"Chlorine ","BC","Freshwater Life ",NA,1,1,"maximum","Duration of Exposure in mins 30 ~ 45","<= 64","ug/L",NA,2014-12-23,"http://www.env.gov.bc.ca/wat/wq/BCguidelines/chlorine/chlorine.html#11",NA
"Chlorine ","BC","Freshwater Life ",NA,1,1,"maximum","Duration of Exposure in mins 45 ~ 60 ","<= 52","ug/L",NA,2014-12-23,"http://www.env.gov.bc.ca/wat/wq/BCguidelines/chlorine/chlorine.html#11",NA
"Chlorine ","BC","Freshwater Life ",NA,1,1,"maximum","Duration of Exposure in mins 60 ~ 90","<= 38","ug/L",NA,2014-12-23,"http://www.env.gov.bc.ca/wat/wq/BCguidelines/chlorine/chlorine.html#11",NA
"Chlorine ","BC","Freshwater Life ",NA,1,1,"maximum","Duration of Exposure in mins 90 ~ 120","<= 31","ug/L",NA,2014-12-23,"http://www.env.gov.bc.ca/wat/wq/BCguidelines/chlorine/chlorine.html#11",NA
"Chlorine ","BC","Freshwater Life ",NA,1,1,"maximum","Duration of Exposure in mins >= 120","use continuous exposure criterion ","ug/L",NA,2014-12-23,"http://www.env.gov.bc.ca/wat/wq/BCguidelines/chlorine/chlorine.html#11",NA
"Chlorine ","BC","Marine Life",NA,5,30,"mean",NA,"<= 3","ug/L",NA,2014-12-23,"http://www.env.gov.bc.ca/wat/wq/BCguidelines/chlorine/chlorine.html#11",NA
"Chlorine ","BC","Marine Life",NA,1,1,"mean",NA,"<= 20.36*(duration)^(-0.4)","ug/L",NA,2014-12-23,"http://www.env.gov.bc.ca/wat/wq/BCguidelines/chlorine/chlorine.html#11",NA
"Chlorine ","BC","Marine Life",NA,1,1,"maximum","Duration of Exposure in mins < 0.2","<= 40","ug/L",NA,2014-12-23,"http://www.env.gov.bc.ca/wat/wq/BCguidelines/chlorine/chlorine.html#11",NA
"Chlorine ","BC","Marine Life",NA,1,1,"maximum","Duration of Exposure in mins 0.2 ~ 5","<= 11","ug/L",NA,2014-12-23,"http://www.env.gov.bc.ca/wat/wq/BCguidelines/chlorine/chlorine.html#11",NA
"Chlorine ","BC","Marine Life",NA,1,1,"maximum","Duration of Exposure in mins 5 ~ 10","<= 8","ug/L",NA,2014-12-23,"http://www.env.gov.bc.ca/wat/wq/BCguidelines/chlorine/chlorine.html#11",NA
"Chlorine ","BC","Marine Life",NA,1,1,"maximum","Duration of Exposure in mins 10 ~ 15","<= 7","ug/L",NA,2014-12-23,"http://www.env.gov.bc.ca/wat/wq/BCguidelines/chlorine/chlorine.html#11",NA
"Chlorine ","BC","Marine Life",NA,1,1,"maximum","Duration of Exposure in mins 15 ~ 30","<= 5","ug/L",NA,2014-12-23,"http://www.env.gov.bc.ca/wat/wq/BCguidelines/chlorine/chlorine.html#11",NA
"Chlorine ","BC","Marine Life",NA,1,1,"maximum","Duration of Exposure in mins 30 ~ 60","<= 4","ug/L",NA,2014-12-23,"http://www.env.gov.bc.ca/wat/wq/BCguidelines/chlorine/chlorine.html#11",NA
"Chlorine ","BC","Marine Life",NA,1,1,"maximum","Duration of Exposure in mins 60 ~ 90","<= 3","ug/L",NA,2014-12-23,"http://www.env.gov.bc.ca/wat/wq/BCguidelines/chlorine/chlorine.html#11",NA
"Chlorine ","BC","Marine Life",NA,1,1,"maximum","Duration of Exposure in mins >= 120","use continuous exposure criterion ","ug/L",NA,2014-12-23,"http://www.env.gov.bc.ca/wat/wq/BCguidelines/chlorine/chlorine.html#11",NA
"Chlorine ","BC","Irrigation ",NA,1,1,"maximum",NA,"<= 1000","ug/L",NA,2014-12-23,"http://www.env.gov.bc.ca/wat/wq/BCguidelines/chlorine/chlorine.html#11",NA
"Cyanide","BC","Drinking",NA,1,1,"mean","Strong-acid dissociable cyanide + thiocyanate 

","<=200","µg/L",NA,2006-01-08,"bc_pdf",NA
"Cyanide","BC","Freshwater Life",NA,5,30,"mean","Strong-acid dissociable cyanide + thiocyanate ","<= 5","µg/L",NA,2006-01-08,"bc_pdf",NA
"Cyanide","BC","Freshwater Life",NA,1,1,"mean","Weak-acid dissociable cyanide","<=10","µg/L",NA,2006-01-08,"bc_pdf",NA
"Cyanide","BC","Marine Life",NA,1,1,"mean","Weak-acid dissociable cyanide","<=1","µg/L",NA,2006-01-08,"bc_pdf",NA
"Dissolved Oxygen","BC","Fresh, Marine and Estuarine Life",NA,1,1,"mean","All Life Stages other than buried embryo/alevin -- water column ",">=5","mg/L",NA,2006-01-08,"bc_pdf","18"
"Dissolved Oxygen","BC","Fresh, Marine and Estuarine Life",NA,5,30,"mean","All Life Stages other than buried embryo/alevin -- water column ",">=8","mg/L",NA,2006-01-08,"bc_pdf","18"
"Dissolved Oxygen","BC","Fresh, Marine and Estuarine Life",NA,1,1,"mean","Buried embryo/alevin life stages -- water column",">=9","mg/L",NA,2006-01-08,"bc_pdf","18"
"Dissolved Oxygen","BC","Fresh, Marine and Estuarine Life",NA,5,30,"mean","Buried embryo/alevin life stages -- water column",">=11","mg/L",NA,2006-01-08,"bc_pdf","18"
"Dissolved Oxygen","BC","Fresh, Marine and Estuarine Life",NA,1,1,"mean","Buried embryo/alevin life stages -- Interstitial water",">=6","mg/L",NA,2006-01-08,"bc_pdf","18"
"Dissolved Oxygen","BC","Fresh, Marine and Estuarine Life",NA,5,30,"mean","Buried embryo/alevin life stages -- Interstitial water",">=8","mg/L",NA,2006-01-08,"bc_pdf","18"
"E.coli","BC","Drinking",NA,1,1,"exp(mean(log))",NA,">= 1.2","/dL","Assumed geometric mean",2014-12-21,"http://www.env.gov.bc.ca/wat/wq/BCguidelines/microbiology/microbiology.html",NA
"Enterococci","BC","Drinking",NA,1,1,"exp(mean(log))",NA,"<= 0","/dL","Assumed geometric mean",2014-12-21,"http://www.env.gov.bc.ca/wat/wq/BCguidelines/microbiology/microbiology.html",NA
"E.coli","BC","Livestock",NA,1,1,"exp(mean(log))",NA,"<= 0","/dL","Assumed geometric mean",2014-12-21,"http://www.env.gov.bc.ca/wat/wq/BCguidelines/microbiology/microbiology.html",NA
"Enterococci","BC","Livestock",NA,1,1,"exp(mean(log))",NA,"<= 200","/dL","Assumed geometric mean",2014-12-21,"http://www.env.gov.bc.ca/wat/wq/BCguidelines/microbiology/microbiology.html",NA
"E.coli","BC","Recreation",NA,1,1,"exp(mean(log))",NA,"<= 50","/dL","Assumed sampling period of 1 day",2014-12-21,"http://www.env.gov.bc.ca/wat/wq/BCguidelines/microbiology/microbiology.html",NA
"Enterococci","BC","Recreation",NA,1,1,"exp(mean(log))",NA,"<= 77","/dL","Assumed sampling period of 1 day",2014-12-21,"http://www.env.gov.bc.ca/wat/wq/BCguidelines/microbiology/microbiology.html",NA
"E.coli","BC","Freshwater Life",NA,1,1,"median",NA,"<= 20","/dL","Assumed sampling period of 1 day",2014-12-21,"http://www.env.gov.bc.ca/wat/wq/BCguidelines/microbiology/microbiology.html",NA
"Enterococci","BC","Freshwater Life",NA,1,1,"median",NA,"<= 14","/dL","Assumed sampling period of 1 day",2014-12-21,"http://www.env.gov.bc.ca/wat/wq/BCguidelines/microbiology/microbiology.html",NA
"Enterococci","BC","Marine Life",NA,1,1,"median",NA,"<= 4","/dL","Assumed sampling period of 1 day",2014-12-21,"http://www.env.gov.bc.ca/wat/wq/BCguidelines/microbiology/microbiology.html",NA
"E.coli","CA","Recreation",NA,1,1,"exp(mean(log))",NA,"<= 4","/dL","Assumed geometric mean",2014-12-21,"http://www.hc-sc.gc.ca/ewh-semt/pubs/water-eau/guide_water-2012-guide_eau/index-eng.php",NA
"E.coli","CA","Recreation",NA,5,30,"exp(mean(log))",NA,"<= 400","/dL","Assumed sampling period of 30 days",2014-12-21,"http://www.hc-sc.gc.ca/ewh-semt/pubs/water-eau/guide_water-2012-guide_eau/index-eng.php",NA
"Enterococci","CA","Recreation",NA,1,1,"exp(mean(log))",NA,"<= 200","/dL","Assumed geometric mean",2014-12-21,"http://www.hc-sc.gc.ca/ewh-semt/pubs/water-eau/guide_water-2012-guide_eau/index-eng.php",NA
"Enterococci","CA","Recreation",NA,5,30,"exp(mean(log))",NA,"<= 70","/dL","Assumed sampling period of 30 days",2014-12-21,"http://www.hc-sc.gc.ca/ewh-semt/pubs/water-eau/guide_water-2012-guide_eau/index-eng.php",NA
"Fluoride","BC","Drinking",NA,1,1,"mean",NA,"<= 1.5","mg/L",NA,2006-01-08,"bc_pdf","20"
"Fluoride","BC","Drinking",NA,5,30,"mean",NA,"<= 1","mg/L",NA,2006-01-08,"bc_pdf","20"
"Fluoride","BC","Freshwater Life",NA,1,1,"mean","water hardness is less than 50 mg/L as CaCO3","<= 0.2","mg/L",NA,2006-01-08,"bc_pdf","20"
"Fluoride","BC","Freshwater Life",NA,1,1,"mean","water hardness is greater than or equal to 50 mg/L as CaCO3","<= 0.3","mg/L",NA,2006-01-08,"bc_pdf","20"
"Fluoride","BC","Marine Life",NA,1,1,"mean",NA,"<= 1.5","mg/L",NA,2006-01-08,"bc_pdf","20"
"Fluoride","BC","Wildlife",NA,1,1,"mean",NA,"<= 1.5","mg/L",NA,2006-01-08,"bc_pdf","20"
"Fluoride","BC","Wildlife",NA,5,30,"mean",NA,"<=1","mg/L",NA,2006-01-08,"bc_pdf","20"
"Fluoride","BC","Livestock","dairy cows, breeding stock - long-lived animals",1,1,"mean",NA,"<= 1.5","mg/L",NA,2006-01-08,"bc_pdf","20"
"Fluoride","BC","Livestock","dairy cows, breeding stock - long-lived animals",5,30,"mean",NA,"<= 1","mg/L",NA,2006-01-08,"bc_pdf","20"
"Fluoride","BC","Livestock","high fluoride diets - mineral or bone meal feed additives",1,1,"mean",NA,"<= 2","mg/L",NA,2006-01-08,"bc_pdf","20"
"Fluoride","BC","Livestock","high fluoride diets - mineral or bone meal feed additives",5,30,"mean",NA,"<= 1","mg/L",NA,2006-01-08,"bc_pdf","20"
"Fluoride","BC","Livestock","normal diet",1,1,"mean",NA,"<= 4","mg/L",NA,2006-01-08,"bc_pdf","20"
"Fluoride","BC","Livestock","normal diet",5,30,"mean",NA,"<= 2","mg/L",NA,2006-01-08,"bc_pdf","20"
"Fluoride","BC","Irrigation",NA,1,1,"mean",NA,"<= 2","mg/L",NA,2006-01-08,"bc_pdf","20"
"Fluoride","BC","Irrigation",NA,5,30,"mean",NA,"<= 1",NA,NA,2006-01-08,"bc_pdf","20"
"Fluoride","BC","Industrial",NA,1,1,"mean",NA,"<= 1.5","mg/L",NA,2006-01-08,"bc_pdf","20"
"Fluoride","BC","Industrial",NA,5,30,"mean",NA,"<= 1","mg/L",NA,2006-01-08,"bc_pdf","20"
"Iron","BC","Freshwater Life",NA,1,1,"mean"," total iron","<= 1","mg/L",NA,2014-12-28,"http://www.env.gov.bc.ca/wat/wq/BCguidelines/iron/iron_overview.pdf",NA
"Iron","BC","Freshwater Life",NA,1,1,"mean","dissolved iron","<= 0.35","mg/L",NA,2014-12-28,"http://www.env.gov.bc.ca/wat/wq/BCguidelines/iron/iron_overview.pdf",NA
"Lead","BC","Drinking",NA,1,1,"mean",NA,"<= 50","ug/L",NA,2006-01-08,"bc_pdf","11"
"Lead","BC","Freshwater Life",NA,1,1,"mean","water hardness as CaCO3 less than or equal to 8 mg/L","<= 3","ug/L",NA,2006-01-08,"bc_pdf","11"
"Lead","BC","Freshwater Life",NA,1,1,"mean","water hardness as CaCO3 less than or equal to 8 mg/L","<= e(1.273 ln[hardness] - 1.460)","ug/L",NA,2006-01-08,"bc_pdf","11"
"Lead","BC","Freshwater Life",NA,5,30,"mean","water hardness as CaCO3 less than or equal to 8 mg/L","<= 3.31 + e(1.273 * ln [mean hardness] - 4.704)","ug/L",NA,2006-01-08,"bc_pdf","11"
"Lead","BC","Wildlife",NA,1,1,"mean",NA,"<= 100","ug/L",NA,2006-01-08,"bc_pdf","11"
"Lead","BC","Livestock",NA,1,1,"mean",NA,"<= 100","ug/L",NA,2006-01-08,"bc_pdf","11"
"Lead","BC","Marine Life",NA,1,1,"mean",NA,"<= 140","ug/L",NA,2006-01-08,"bc_pdf","11"
"Lead","BC","Marine Life",NA,5,30,"mean",NA,"<= 2","ug/L",NA,2006-01-08,"bc_pdf","11"
"Lead","BC","Marine Life",NA,5,30,"mean",NA,"<= 3","ug/L",NA,2006-01-08,"bc_pdf","11"
"Lead","BC","Irrigation",NA,1,1,"mean","neutral and alkaline fine-textured soils","<= 400","ug/L",NA,2006-01-08,"bc_pdf","11"
"Lead","BC","Irrigation",NA,1,1,"mean","all other soils","<= 200","ug/L",NA,2006-01-08,"bc_pdf","11"
"Lead","BC","Industrial",NA,1,1,"mean",NA,"<= 50 ","ug/L",NA,2006-01-08,"bc_pdf","11"
"Lead","BC","Recreation",NA,1,1,"mean",NA,"<= 50","ug/L",NA,2006-01-08,"bc_pdf","11"
"Manganese","BC","Freshwater Life",NA,1,1,"mean","Maximum at Specified CaCO3 Hardness 25mg/L","<=0.8","mg/L",NA,2006-01-08,"bc_pdf","37"
"Manganese","BC","Freshwater Life",NA,1,1,"mean","Maximum at Specified CaCO3 Hardness 50mg/L","<= 1.1","mg/L",NA,2006-01-08,"bc_pdf","37"
"Manganese","BC","Freshwater Life",NA,1,1,"mean","Maximum at Specified CaCO3 Hardness 100mg/L","<=1.6","mg/L",NA,2006-01-08,"bc_pdf","37"
"Manganese","BC","Freshwater Life",NA,1,1,"mean","Maximum at Specified CaCO3 Hardness 150mg/L","<=2.2","mg/L",NA,2006-01-08,"bc_pdf","37"
"Manganese","BC","Freshwater Life",NA,1,1,"mean","Maximum at Specified CaCO3 Hardness 300mg/L","<=3.8","mg/L",NA,2006-01-08,"bc_pdf","37"
"Manganese","BC","Freshwater Life",NA,5,30,"mean","30-Day Mean at Specified CaCO3 Hardness 25mg/L","<=0.7","mg/L",NA,2006-01-08,"bc_pdf","38"
"Manganese","BC","Freshwater Life",NA,5,30,"mean","31-Day Mean at Specified CaCO3 Hardness 50mg/L","<=0.8","mg/L",NA,2006-01-08,"bc_pdf","38"
"Manganese","BC","Freshwater Life",NA,5,30,"mean","32-Day Mean at Specified CaCO3 Hardness 100mg/L","<=1","mg/L",NA,2006-01-08,"bc_pdf","38"
"Manganese","BC","Freshwater Life",NA,5,30,"mean","33-Day Mean at Specified CaCO3 Hardness 150mg/L","<=1.3","mg/L",NA,2006-01-08,"bc_pdf","38"
"Manganese","BC","Freshwater Life",NA,5,30,"mean","34-Day Mean at Specified CaCO3 Hardness 300mg/L","<=1.9","mg/L",NA,2006-01-08,"bc_pdf","38"
"Mercury","BC","Drinking",NA,1,1,"mean",NA,"<= 1","ug/L",NA,2006-01-08,"bc_pdf","13"
"Mercury","BC","Freshwater Life",NA,1,1,"mean",NA,"<= 0.1","ug/L",NA,2006-01-08,"bc_pdf","13"
"Mercury","BC","Freshwater Life",NA,5,30,"mean",NA,"<= 0.02","ug/L",NA,2006-01-08,"bc_pdf","13"
"Mercury","BC","Marine Life",NA,1,1,"mean",NA,"<= 2","ug/L",NA,2006-01-08,"bc_pdf","13"
"Mercury","BC","Marine Life",NA,5,30,"mean",NA,"<= 0.02","ug/L",NA,2006-01-08,"bc_pdf","13"
"Mercury","BC","Wildlife",NA,1,1,"mean","% MeHg <= 0.5","<= 0.02","ug/L",NA,2006-01-08,"bc_pdf","13a"
"Mercury","BC","Wildlife",NA,1,1,"mean","% MeHg <= 1","<= 0.01","ug/L",NA,2006-01-08,"bc_pdf","13a"
"Mercury","BC","Wildlife",NA,1,1,"mean","% MeHg <= 2.5","<= 0.004","ug/L",NA,2006-01-08,"bc_pdf","13a"
"Mercury","BC","Wildlife",NA,1,1,"mean","% MeHg <= 5","<= 0.002","ug/L",NA,2006-01-08,"bc_pdf","13a"
"Mercury","BC","Livestock",NA,1,1,"mean",NA,"<= 3","ug/L",NA,2006-01-08,"bc_pdf","13"
"Mercury","BC","Irrigation",NA,1,1,"mean",NA,"<= 2","ug/L",NA,2006-01-08,"bc_pdf","13"
"Mercury","BC","Recreation",NA,1,1,"mean",NA,"<= 1","ug/L",NA,2006-01-08,"bc_pdf","13"
"Molybdenum","BC","Drinking",NA,1,1,"mean",NA,"<= 0.25","mg/L",NA,2006-01-08,"bc_pdf","39"
"Molybdenum","BC","Freshwater Life",NA,1,1,"mean",NA,"<= 2","mg/L",NA,2006-01-08,"bc_pdf","15"
"Molybdenum","BC","Freshwater Life",NA,5,30,"mean",NA,"<= 1","mg/L",NA,2006-01-08,"bc_pdf","15"
"Molybdenum","BC","Wildlife",NA,1,1,"mean",NA,"<= 0.05","mg/L",NA,2006-01-08,"bc_pdf","15"
"Molybdenum","BC","Livestock",NA,1,1,"mean","consuming forages not irrigated or if no molybdenum containing fertilizers are applied to grow feed consumed by livestock","<= 0.08","mg/L",NA,2006-01-08,"bc_pdf","15"
"Molybdenum","BC","Livestock",NA,1,1,"mean","all other cases","<= 0.05","mg/L",NA,2006-01-08,"bc_pdf","15"
"Molybdenum","BC","Irrigation",NA,1,1,"mean","Poorly Drained Soil
- Cu:Mo ratio is less than
2:1 in the irrigation water
- (forage crops)","<= 0.05","mg/L",NA,2006-01-08,"bc_pdf","15"
"Molybdenum","BC","Irrigation",NA,5,30,"mean","Poorly Drained Soil
- Cu:Mo ratio is less than
2:1 in the irrigation water
- (forage crops)","<= 0.01","mg/L",NA,2006-01-08,"bc_pdf","15"
"Molybdenum","BC","Irrigation",NA,1,1,"mean","- Poorly
Drained Soil
- Cu:Mo ratio is greater than
2:1 in the irrigation water
- (forage crops)","<= 0.05","mg/L",NA,2006-01-08,"bc_pdf","15"
"Molybdenum","BC","Irrigation",NA,5,30,"mean","- Poorly
Drained Soil
- Cu:Mo ratio is greater than
2:1 in the irrigation water
- (forage crops)","<= 0.02","mg/L",NA,2006-01-08,"bc_pdf","15"
"Molybdenum","BC","Irrigation",NA,1,1,"mean","- Well Drained Soil
(forage crops)","<= 0.05","mg/L",NA,2006-01-08,"bc_pdf","15"
"Molybdenum","BC","Irrigation",NA,5,30,"mean","- Well Drained Soil
(forage crops)","<= 0.02","mg/L",NA,2006-01-08,"bc_pdf","15"
"Molybdenum","BC","Irrigation",NA,5,30,"mean","- All Soils
(non-forage crops)","<= 0.03","mg/L",NA,2006-01-08,"bc_pdf","15"
"Nickel","BC","Freshwater Life",NA,1,1,"mean",NA,"<= e0.76*ln[hardness]+1.06 ?g/L","ug/L",NA,2014-12-31,"https://www.ec.gc.ca/indicateurs-indicators/default.asp?lang=en&n=3786D3FD-1",NA
"Nickel","BC","Marine Life",NA,1,1,"mean","one hour","<= 75","ug/L",NA,NA,NA,NA
"Nickel","BC","Marine Life",NA,1,1,"mean","four days","<= 8.3 ","ug/L",NA,2014-12-31,"http://www.env.gov.bc.ca/wat/wq/BCguidelines/working.html",NA
"Nickel","BC","Livestock",NA,1,1,"maximum",NA,"<= 1000","ug/L",NA,2014-12-31,"http://www.env.gov.bc.ca/wat/wq/BCguidelines/working.html",NA
"Nickel","BC","Irrigation",NA,1,1,"maximum","continuous use on all soils","<= 200","ug/L",NA,2014-12-31,"http://www.env.gov.bc.ca/wat/wq/BCguidelines/working.html",NA
"Nickel","BC","Irrigation",NA,1,1,"maximum","20-year use on neutral to alkaline fine-textured soils","<= 2000","ug/L",NA,NA,NA,NA
"Nitrate","BC","Drinking",NA,1,1,"mean",NA,"<= 10","mg/L",NA,2006-01-08,"bc_pdf","16"
"Nitrite","BC","Drinking",NA,1,1,"mean",NA,"<= 1","mg/L",NA,2006-01-08,"bc_pdf","16"
"Nitrate","BC","Freshwater Life ",NA,1,1,"maximum",NA,"<= 200","mg/L",NA,2006-01-08,"bc_pdf","16"
"Nitrite","BC","Freshwater Life ",NA,1,1,"maximum",NA,"<= 0.06","mg/L",NA,2006-01-08,"bc_pdf","16"
"Nitrate","BC","Freshwater Life ",NA,1,1,"mean",NA,"<= 40","mg/L",NA,2006-01-08,"bc_pdf","16"
"Nitrite","BC","Freshwater Life ",NA,1,1,"mean",NA,"<= 0.02","mg/L",NA,2006-01-08,"bc_pdf","16"
"Nitrate","BC","Livestock",NA,1,1,"mean",NA,"<= 100","mg/L",NA,2006-01-08,"bc_pdf","16"
"Nitrite","BC","Livestock",NA,1,1,"mean",NA,"<= 10","mg/L",NA,2006-01-08,"bc_pdf","16"
"Nitrate","BC","Wildlife",NA,1,1,"mean",NA,"<= 100","mg/L",NA,2006-01-08,"bc_pdf","16"
"Nitrite","BC","Wildlife",NA,1,1,"mean",NA,"<= 10","mg/L",NA,2006-01-08,"bc_pdf","16"
"Nitrate","BC","Recreation",NA,1,1,"mean",NA,"<= 10","mg/L",NA,2006-01-08,"bc_pdf","16"
"Nitrite","BC","Recreation",NA,1,1,"mean",NA,"<= 1","mg/L",NA,2006-01-08,"bc_pdf","16"
"Selenium ","BC","Drinking Water ",NA,1,1,"mean",NA,"<= 10","µg/L",NA,2006-01-08,"bc_pdf","40"
"Selenium ","BC","Freshwater Life",NA,1,1,"mean",NA,"<= 2","µg/L",NA,2006-01-08,"bc_pdf","40"
"Selenium ","BC","Marine Life",NA,1,1,"mean",NA,"<= 2","µg/L",NA,2006-01-08,"bc_pdf","40"
"Selenium ","BC","Wildlife",NA,1,1,"mean",NA,"<= 4","µg/L",NA,2006-01-08,"bc_pdf","40"
"Selenium ","BC","Irrigation",NA,1,1,"mean",NA,"<= 10","µg/L",NA,2006-01-08,"bc_pdf","40"
"Selenium ","BC","Livestock",NA,1,1,"mean",NA,"<= 10","µg/L",NA,2006-01-08,"bc_pdf","40"
"Silver","BC","Freshwater Life",NA,5,30,"mean","hardness less than or equal to 100 mg/L ","<= 0.05","µg/L",NA,2006-01-08,"bc_pdf","29"
"Silver","BC","Freshwater Life",NA,1,1,"mean","hardness less than or equal to 100 mg/L ","<=0.1","µg/L",NA,2006-01-08,"bc_pdf","29"
"Silver","BC","Freshwater Life",NA,5,30,"mean","hardness greater than 100 mg/L ","<=1.5","µg/L",NA,2006-01-08,"bc_pdf","29"
"Silver","BC","Freshwater Life",NA,1,1,"mean","hardness greater than 100 mg/L ","<=3","µg/L",NA,2006-01-08,"bc_pdf","29"
"Silver","BC","Freshwater Life",NA,5,30,"mean","open coast and estuaries","<=1.5","µg/L",NA,2006-01-08,"bc_pdf","29"
"Sulfolane","BC","Freshwater Life",NA,1,1,"mean",NA,"<= 50","mg/L",NA,2014-12-29,"http://www.env.gov.bc.ca/wat/wq/BCguidelines/sulfolane/sulfolane.htm",NA
"Sulfolane","BC","Irrigation",NA,1,1,"mean",NA,"<= 8.4","mg/L",NA,2014-12-29,"http://www.env.gov.bc.ca/wat/wq/BCguidelines/sulfolane/sulfolane.htm",NA
"Sulfolane","BC","Livestock",NA,1,1,"mean",NA,"<= 14","mg/L",NA,2014-12-29,"http://www.env.gov.bc.ca/wat/wq/BCguidelines/sulfolane/sulfolane.htm",NA
"Sulphate","BC","Drinking",NA,1,1,"mean",NA,"<= 500","mg/L",NA,2006-01-08,"bc_pdf","36"
"Sulphate","BC","Freshwater Life ",NA,1,1,"maximum",NA,"<= 100","mg/L",NA,2006-01-08,"bc_pdf","36"
"Sulphate","BC","Freshwater Life ",NA,1,1," alert level",NA,"<= 50","mg/L",NA,2006-01-08,"bc_pdf","36"
"pH","CA","Recreation",NA,1,1,"mean","water / PCBs #126","<= 35","pH","?",2014-12-21,"http://www.hc-sc.gc.ca/ewh-semt/pubs/water-eau/guide_water-2012-guide_eau/index-eng.php",NA
"Total Phosphorus","BC","Drinking",NA,1,1,"mean",NA,"<= 10","ug/L",NA,2006-01-08,"bc_pdf","3"
"Total Phosphorus","BC","Aquatic life ",NA,1,1,"mean",NA,"5 ~ 10","ug/L",NA,2006-01-08,"bc_pdf","3"
"Total Phosphorus","BC","Recreation",NA,1,1,"mean",NA,"<= 10","ug/L",NA,2006-01-08,"bc_pdf","3"
"Toluene","BC","Drinking",NA,1,1,"mean",NA,"<=0.024","mg/L",NA,2006-01-08,"bc_pdf","35"
"Toluene","BC","Freshwater Life",NA,1,1,"mean",NA,"<=0.039","mg/L",NA,2006-01-08,"bc_pdf","35"
"Toluene","BC","Marine Life",NA,1,1,"mean",NA,"<=0.33","mg/L",NA,2006-01-08,"bc_pdf","35"
"Toluene","BC","Livestock",NA,1,1,"mean",NA,"<=0.024","mg/L",NA,2006-01-08,"bc_pdf","35"
"Turbidity","CA","Recreation",NA,1,1,"mean",NA,">= 5.0 & <= 9.0","NTU",NA,2014-12-21,"http://www.hc-sc.gc.ca/ewh-semt/pubs/water-eau/guide_water-2012-guide_eau/index-eng.php",NA
"Zinc","BC","Drinking",NA,1,1,"mean",NA,"<= 5000","µg/L",NA,2006-01-08,"bc_pdf","30"
"Zinc","BC","Recreation",NA,1,1,"mean",NA,"<= 5000","µg/L",NA,2006-01-08,"bc_pdf","30"
"Zinc","BC","Marine Life",NA,1,1,"mean",NA,"<= 10","µg/L",NA,2006-01-08,"bc_pdf","33"
"Zinc","BC","Livestock",NA,1,1,"mean",NA,"<= 2000","µg/L",NA,2006-01-08,"bc_pdf","33"
"Zinc","BC","Irrigation",NA,1,1,"mean","soil pH less than 6 ","<= 1000","µg/L",NA,2006-01-08,"bc_pdf","33"
"Zinc","BC","Irrigation",NA,1,1,"mean","soil pH equal to or greater than 6 and less than 7 ","<= 2000","µg/L",NA,2006-01-08,"bc_pdf","33"
"Zinc","BC","Irrigation",NA,1,1,"mean","soil pH greater than or equal to 7 ","<= 5000","µg/L",NA,2006-01-08,"bc_pdf","33"
"Zinc","BC","Freshwater Life",NA,1,1,"mean",NA,"<= 33 + 0.75 x (hardness - 90) ","µg/L",NA,2006-01-08,"bc_pdf","33"
"Zinc","BC","Freshwater Life",NA,5,30,"mean",NA,"<= 7.5 + 0.75 x (hardness - 90) ","µg/L",NA,2006-01-08,"bc_pdf","33"
