vmv_code,method_code,variable_name,unit_code,OTHER_SYSTEM_CODE,OTHER_SYSTEM_NAME,OTHER_SYSTEM_UNIT_CODE
-98301,-55142,% CONCENTRATION,%(V/V),0466X068,EMS,11
-92820,-57047,% CONCENTRATION,%(V/V),1461X068,EMS,11
-92819,-57043,% CONCENTRATION,%(V/V),0461FA15,EMS,11
-92818,-57042,% CONCENTRATION,%(W/W),0461FA14,EMS,1
-92817,-57041,% CONCENTRATION,%(W/W),0461FA02,EMS,1
-92816,-57039,% CONCENTRATION,%(W/W),0461FA01,EMS,1
-92809,-55217,% CONCENTRATION,%(V/V),0461X296,EMS,0
-92808,-57035,% CONCENTRATION,%(W/W),4616003,EMS,0
-92807,-57034,% CONCENTRATION,%(V/V),4616002,EMS,0
-92806,-57033,% CONCENTRATION,%(W/W),4616001,EMS,0
-92805,-57032,% CONCENTRATION,%(V/V),4616000,EMS,0
-92804,-55143,% CONCENTRATION,%(V/V),0461X069,EMS,11
-92803,-55142,% CONCENTRATION,%(V/V),0461X068,EMS,11
-94113,-57028,% CONCENTRATION,MG/L,DMGC6009,EMS,1
-94111,-57031,% CONCENTRATION,0,DMGCBISP,EMS,0
-94110,-57030,% CONCENTRATION,%(W/W),DMGC6011,EMS,0
-94109,-57029,% CONCENTRATION,%(V/V),DMGC6010,EMS,0
-94108,-57028,% CONCENTRATION,%(W/W),DMGC6009,EMS,0
-94107,-57027,% CONCENTRATION,%(W/W),DMGC6007,EMS,0
-94106,-57026,% CONCENTRATION,%(V/V),DMGC6006,EMS,0
-94105,-57025,% CONCENTRATION,%(W/W),DMGC6005,EMS,0
-94104,-57024,% CONCENTRATION,%(V/V),DMGC6004,EMS,0
-94103,-55217,% CONCENTRATION,%(V/V),DMGCX296,EMS,11
-94102,-55143,% CONCENTRATION,%(V/V),DMGCX069,EMS,11
-94101,-55049,% CONCENTRATION,%(V/V),DMGC6008,EMS,11
-94112,-55078,% MORTALITY,%,DMGCFA10,EMS,48
-98302,-55081,% MORTALITY,%,0466FA13,EMS,48
-92821,-57046,% MORTALITY,%,1461FA13,EMS,48
-92815,-55081,% MORTALITY,%,0461FA13,EMS,48
-92814,-55080,% MORTALITY,%,0461FA12,EMS,48
-92813,-55079,% MORTALITY,%,0461FA11,EMS,48
-92812,-55077,% MORTALITY,%,0461FA09,EMS,48
-92811,-55076,% MORTALITY,%,0461FA06,EMS,48
-92810,-55075,% MORTALITY,%,0461FA05,EMS,48
-93701,-55156,% SURVIVAL,%,2461X104,EMS,34
-92802,-55139,% SURVIVAL,MG/L,0461X060,EMS,1
-92801,-55138,% SURVIVAL,MG/L,0461X059,EMS,1
1263,10350,"1,1,1-TRICHLOROETHANE",UG/L,T016F007,EMS,42
1267,10350,"1,1,2,2-TETRACHLOROETHANE",UG/L,C080F007,EMS,42
1262,10350,"1,1,2-TRICHLOROETHANE",UG/L,T017F007,EMS,42
1278,10350,"1,1-DICHLOROETHANE",UG/L,C021F007,EMS,42
1275,10350,"1,1-DICHLOROETHYLENE",UG/L,C024F007,EMS,42
-94701,-55205,"1,2,3,4,6,7,8 H7CDD",PG/L,H015X253,EMS,39
-95401,-55205,"1,2,3,4,6,7,8 H7CDF",PG/L,H022X253,EMS,39
-94301,-55205,"1,2,3,4,7,8 H6CDD",PG/L,H011X253,EMS,39
-94901,-55205,"1,2,3,4,7,8 H6CDF",PG/L,H017X253,EMS,39
-95501,-55205,"1,2,3,4,7,8,9 H7CDF",PG/L,H023X253,EMS,39
-94401,-55205,"1,2,3,6,7,8 H6CDD",PG/L,H012X253,EMS,39
-95001,-55205,"1,2,3,6,7,8 H6CDF",PG/L,H018X253,EMS,39
-96601,-55205,"1,2,3,7,8 P5CDF",PG/L,P043X253,EMS,39
-94501,-55205,"1,2,3,7,8,9 H6CDD",PG/L,H013X253,EMS,39
-95201,-55205,"1,2,3,7,8,9 H6CDF",PG/L,H020X253,EMS,39
1277,10350,"1,2-DICHLOROETHANE",UG/L,C022F007,EMS,42
1276,10350,"1,2-DICHLOROETHENE-TRANS",UG/L,C023F007,EMS,42
1274,10350,"1,2-DICHLOROPROPANE",UG/L,C025F007,EMS,42
1273,10350,"1,3-DICHLOROPROPENE-CIS",UG/L,C027F007,EMS,42
1272,10350,"1,3-DICHLOROPROPENE-TRANS",UG/L,C028F007,EMS,42
1084,10095,12-CHLORODEHYDROABIETIC ACID,UG/L,C048F009,EMS,42
1083,10095,14-CHLORODEHYDROABIETIC ACID,UG/L,C049F009,EMS,42
-102999,-55283,"2-(2,4,5-TRICHLOROPHENOXY)PROPIONIC ACID",UG/L,T032F052,EMS,42
-97308,-57015,"2,3,4,5-TETRACHLOROPHENOL",UG/G,T036FS11,EMS,2
-97307,-57016,"2,3,4,5-TETRACHLOROPHENOL",UG/G,T036FB07,EMS,44
-97306,-57013,"2,3,4,5-TETRACHLOROPHENOL",MG/L,T036F034,EMS,1
-97305,-57019,"2,3,4,5-TETRACHLOROPHENOL",MG/L,T036F029,EMS,1
-97304,-55056,"2,3,4,5-TETRACHLOROPHENOL",MG/L,T036AEWA,EMS,1
-97303,-55054,"2,3,4,5-TETRACHLOROPHENOL",UG/G,T036AEAN,EMS,2
-97302,-55209,"2,3,4,5-TETRACHLOROPHENOL",MG/L,T036X265,EMS,1
-97301,-55192,"2,3,4,5-TETRACHLOROPHENOL",UG/G,T036X212,EMS,2
-95101,-55205,"2,3,4,6,7,8 H6CDF",PG/L,H019X253,EMS,39
-97405,-57013,"2,3,4,6-TETRACHLOROPHENOL",MG/L,T037F034,EMS,1
-97404,-55056,"2,3,4,6-TETRACHLOROPHENOL",MG/L,T037AEWA,EMS,1
-97403,-55054,"2,3,4,6-TETRACHLOROPHENOL",UG/G,T037AEAN,EMS,2
-97402,-55209,"2,3,4,6-TETRACHLOROPHENOL",MG/L,T037X265,EMS,1
-97401,-55192,"2,3,4,6-TETRACHLOROPHENOL",UG/G,T037X212,EMS,2
-96701,-55205,"2,3,4,7,8 P5CDF",PG/L,P044X253,EMS,39
-97004,-55056,"2,3,4-TRICHLOROPHENOL",MG/L,T033AEWA,EMS,1
-97003,-55054,"2,3,4-TRICHLOROPHENOL",UG/G,T033AEAN,EMS,2
-97002,-55209,"2,3,4-TRICHLOROPHENOL",MG/L,T033X265,EMS,1
-97001,-55192,"2,3,4-TRICHLOROPHENOL",UG/G,T033X212,EMS,2
-97502,-55209,"2,3,5,6-TETRACHLOROPHENOL",MG/L,T038X265,EMS,1
-97501,-55192,"2,3,5,6-TETRACHLOROPHENOL",UG/G,T038X212,EMS,2
-97104,-55056,"2,3,5-TRICHLOROPHENOL",MG/L,T034AEWA,EMS,1
-97103,-55054,"2,3,5-TRICHLOROPHENOL",UG/G,T034AEAN,EMS,2
-97102,-55209,"2,3,5-TRICHLOROPHENOL",MG/L,T034X265,EMS,1
-97101,-55192,"2,3,5-TRICHLOROPHENOL",UG/G,T034X212,EMS,2
-97204,-55056,"2,3,6-TRICHLOROPHENOL",MG/L,T035AEWA,EMS,1
-97203,-55054,"2,3,6-TRICHLOROPHENOL",UG/G,T035AEAN,EMS,2
-97202,-55209,"2,3,6-TRICHLOROPHENOL",MG/L,T035X265,EMS,1
-97201,-55192,"2,3,6-TRICHLOROPHENOL",UG/G,T035X212,EMS,2
-97901,-55205,"2,3,7,8-TCDF",PG/L,T063X253,EMS,39
-103007,-55283,"2,4,5-T",UG/L,T064F052,EMS,42
-103003,-55283,"2,4-D",UG/L,D041F052,EMS,42
1268,10350,2-CHLOROETHYLVINYLETHER,UG/L,C042F007,EMS,42
1085,10095,8(14)-ABIETENIC ACID,UG/L,A031F009,EMS,42
1086,10095,ABIETIC ACID,UG/L,A030F009,EMS,42
-93813,-55060,ADSORBABLE ORGANIC HALIDE - AOX,KG/ADT,AOX-CAL5,EMS,358
-93812,-55254,ADSORBABLE ORGANIC HALIDE - AOX,MG/L,AOX-XCAL,EMS,1
-93811,-55248,ADSORBABLE ORGANIC HALIDE - AOX,UG/G,AOX-X459,EMS,2
-93809,-55218,ADSORBABLE ORGANIC HALIDE - AOX,MG/L,AOX-X302,EMS,1
-93808,-55062,ADSORBABLE ORGANIC HALIDE - AOX,T/DAY,AOX-CALC,EMS,30
-93807,-55255,ADSORBABLE ORGANIC HALIDE - AOX,MG/L,AOX-XCLC,EMS,1
-93806,-55254,ADSORBABLE ORGANIC HALIDE - AOX,T/DAY,AOX-XCAL,EMS,30
-93805,-55223,ADSORBABLE ORGANIC HALIDE - AOX,UG/L,AOX-X311,EMS,42
-93804,-55218,ADSORBABLE ORGANIC HALIDE - AOX,UG/G,AOX-X302,EMS,2
-93803,-55203,ADSORBABLE ORGANIC HALIDE - AOX,MG/L,AOX-X250,EMS,1
-93802,-55202,ADSORBABLE ORGANIC HALIDE - AOX,MG/L,AOX-X249,EMS,1
-93801,-55068,ADSORBABLE ORGANIC HALIDE - AOX,MG/L,AOX-DM01,EMS,1
1107,10238,ADSORBABLE ORGANIC HALIDE - AOX,UG/L,AOX-X302,EMS,42
1108,10242,ADSORBABLE ORGANIC HALIDE - AOX,MG/L,AOX-X311,EMS,1
-102924,-57061,ALDRIN,UG/L,A002F027,EMS,42
1280,10351,ALKALINITY GRAN CACO3,UEQ/L,AK-T5062,EMS,18
1281,10351,ALKALINITY GRAN CACO3,MG/L,AK-T5062,EMS,1
1132,10299,ALKALINITY PHENOLPHTHALEIN CACO3,MG/L,0101X310,EMS,1
-91608,-55234,ALKALINITY PHENOLPHTHALEIN CACO3,MG/L,0101X330,EMS,1
-91606,-55057,ALKALINITY PHENOLPHTHALEIN CACO3,0,0101AISP,EMS,0
-91605,-55026,ALKALINITY PHENOLPHTHALEIN CACO3,MG/L,1011200,EMS,1
-91604,-55205,ALKALINITY PHENOLPHTHALEIN CACO3,PG/L,0101X253,EMS,39
-91603,-55174,ALKALINITY PHENOLPHTHALEIN CACO3,MG/L,0101X147,EMS,1
-91602,-55100,ALKALINITY PHENOLPHTHALEIN CACO3,MG/L,0101X005,EMS,1
-91601,-55099,ALKALINITY PHENOLPHTHALEIN CACO3,MG/L,0101X004,EMS,1
-91710,-55234,ALKALINITY TOTAL,MG/L,0102X330,EMS,1
-91708,-55057,ALKALINITY TOTAL,0,0102AISP,EMS,0
-91707,-55026,ALKALINITY TOTAL,MG/L,1021200,EMS,1
-91706,-55205,ALKALINITY TOTAL,PG/L,0102X253,EMS,39
-91705,-55186,ALKALINITY TOTAL,MG/L,0102X181,EMS,1
-91704,-55175,ALKALINITY TOTAL,MG/L,0102X148,EMS,1
-91703,-55127,ALKALINITY TOTAL,MG/L,0102X045,EMS,1
-91702,-55100,ALKALINITY TOTAL,MG/L,0102X005,EMS,1
-91701,-55099,ALKALINITY TOTAL,MG/L,0102X004,EMS,1
1131,10299,ALKALINITY TOTAL CACO3,MG/L,0102X310,EMS,1
10101,363,ALKALINITY TOTAL CACO3,MG/L,D1021212,EMS,1
10111,373,ALKALINITY TOTAL CACO3,MG/L,0102X310,SEAM,1
-102960,-57064,ALPHA-CHLORDANE,UG/L,C011-57064,EMS/PESC,42
-102925,-57061,ALPHA-HCH OR ALPHA-BHC,UG/L,B017F027,EMS,42
1233,10347,ALUMINUM DISSOLVED,UG/L,AL-DF068,EMS,42
1202,10320,ALUMINUM DISSOLVED,MG/L,AL-DF039,EMS,1
97963,1920,ALUMINUM DISSOLVED,UG/L,AL-DX556,EMS,42
108140,3553,ALUMINUM DISSOLVED,MG/L,AL-DF032,EMS,1
107941,3529,ALUMINUM DISSOLVED,UG/L,AL-DX556,EMS,42
97579,1917,ALUMINUM EXTRACTABLE,UG/L,AL-EX553,EMS,42
13321,1526,ALUMINUM EXTRACTABLE,MG/L,AL-EF040,EMS,1
13009,1502,ALUMINUM TOTAL,MG/L,AL-T0040,EMS,1
1294,10356,ALUMINUM TOTAL,MG/L,AL-TF033,EMS,1
97614,1916,ALUMINUM TOTAL,MG/KG,AL-TX552,EMS,310
97649,1915,ALUMINUM TOTAL,MG/KG,AL-TX551,EMS,310
100216,2634,ALUMINUM TOTAL,MG/L,AL-TF048,EMS,1
1164,10319,ALUMINUM TOTAL,MG/L,AL-TF038,EMS,1
1255,10347,ALUMINUM TOTAL,UG/L,AL-TF068,EMS,42
108109,3553,ALUMINUM TOTAL,MG/L,AL-TF121,EMS,1
107905,3528,ALUMINUM TOTAL,UG/L,AL-TX555,EMS,42
108665,2005,ALUMINUM TOTAL,UG/L,Al-T2005,EMS,42
1242,10347,ALUMINUM_27 TOTAL RECOVERABLE - AL,UG/L,SB-TF068,EMS,42
1109,10249,AMMONIA DISSOLVED,MG/L,1108X326,EMS,1
1104,10199,AMMONIA DISSOLVED,MG/L,1108X154,EMS,1
1074,10061,AMMONIA DISSOLVED,UG/G,110815SW,EMS,2
7557,288,AMMONIA DISSOLVED,MG/L,1108F001,EMS,1
-93316,-55066,AMMONIA DISSOLVED,%,1108CS34,EMS,34
-93315,-55065,AMMONIA DISSOLVED,MG/DM2/DAY,1108CS15,EMS,15
-93314,-55064,AMMONIA DISSOLVED,UG/G,1108CS02,EMS,2
-93313,-55063,AMMONIA DISSOLVED,MG/L,1108CS01,EMS,1
-93312,-57003,AMMONIA DISSOLVED,0,1108CS00,EMS,0
-93311,-55062,AMMONIA DISSOLVED,T/DAY,1108CALC,EMS,30
-93310,-55057,AMMONIA DISSOLVED,0,1108AISP,EMS,0
-93309,-55042,AMMONIA DISSOLVED,MG/L,11082680,EMS,1
-93307,-55254,AMMONIA DISSOLVED,T/DAY,1108XCAL,EMS,30
-93304,-55172,AMMONIA DISSOLVED,MG/L,1108X143,EMS,1
-93303,-55165,AMMONIA DISSOLVED,MG/L,1108X126,EMS,1
-93302,-55161,AMMONIA DISSOLVED,MG/L,1108X112,EMS,1
-93301,-55136,AMMONIA DISSOLVED,MG/L,1108X054,EMS,1
-91816,-55189,AMMONIA TOTAL,UG/M3,0108X196,EMS,14
-91815,-55188,AMMONIA TOTAL,UG/M3,0108X195,EMS,14
-91814,-55066,AMMONIA TOTAL,%,0108CS34,EMS,34
-91813,-55065,AMMONIA TOTAL,MG/DM2/DAY,0108CS15,EMS,15
-91812,-55064,AMMONIA TOTAL,UG/G,0108CS02,EMS,2
-91811,-55063,AMMONIA TOTAL,MG/L,0108CS01,EMS,1
-91810,-57003,AMMONIA TOTAL,0,0108CS00,EMS,0
-91809,-55062,AMMONIA TOTAL,T/DAY,0108CALC,EMS,30
-91808,-55254,AMMONIA TOTAL,T/DAY,0108XCAL,EMS,30
-91807,-55189,AMMONIA TOTAL,MG/M3,0108X196,EMS,40
-91806,-55188,AMMONIA TOTAL,MG/M3,0108X195,EMS,40
-91805,-55172,AMMONIA TOTAL,MG/L,0108X143,EMS,1
-91804,-55165,AMMONIA TOTAL,MG/L,0108X126,EMS,1
-91803,-55136,AMMONIA TOTAL,MG/L,0108X054,EMS,1
-91802,-55119,AMMONIA TOTAL,MG/L,0108X033,EMS,1
-91801,-55099,AMMONIA TOTAL,MG/L,0108X004,EMS,1
-102941,-57062,ANILAZINE,UG/L,A032-57062,EMS/PESC,42
-102981,-55285,ANILAZINE,UG/L,A032F056,EMS,42
108163,3553,ANTIMONY DISSOLVED,MG/L,SB-DF032,EMS,1
107965,3529,ANTIMONY DISSOLVED,UG/L,SB-DX556,EMS,42
97986,1920,ANTIMONY DISSOLVED,UG/L,SB-DX556,EMS,42
1189,10320,ANTIMONY DISSOLVED,MG/L,SB-DF039,EMS,1
1232,10347,ANTIMONY DISSOLVED,UG/L,SB-DF068,EMS,42
97602,1917,ANTIMONY EXTRACTABLE,UG/L,SB-EX553,EMS,42
101542,1526,ANTIMONY EXTRACTABLE,MG/L,SB-EF040,EMS,1
107929,3528,ANTIMONY TOTAL,UG/L,SB-TX555,EMS,42
108126,3553,ANTIMONY TOTAL,MG/L,SB-TF121,EMS,1
108697,2005,ANTIMONY TOTAL,UG/L,Sb-T2005,EMS,42
97637,1916,ANTIMONY TOTAL,MG/KG,SB-TX552,EMS,310
97522,1919,ANTIMONY TOTAL,UG/L,SB-TX555,EMS,42
97671,1915,ANTIMONY TOTAL,MG/KG,SB-TX551,EMS,310
1307,10356,ANTIMONY TOTAL,MG/L,SB-TF033,EMS,1
1150,10319,ANTIMONY TOTAL,MG/L,SB-TF038,EMS,1
100253,2641,ARSENIC DISSOLVED,MG/L,AS-DF037,EMS,1
108141,3553,ARSENIC DISSOLVED,MG/L,AS-DF032,EMS,1
107942,3529,ARSENIC DISSOLVED,UG/L,AS-DX556,EMS,42
1231,10347,ARSENIC DISSOLVED,UG/L,AS-DF068,EMS,42
1201,10320,ARSENIC DISSOLVED,MG/L,AS-DF039,EMS,1
97964,1920,ARSENIC DISSOLVED,UG/L,AS-DX556,EMS,42
-103143,-57069,ARSENIC DISSOLVED,MG/L,AS-DF023,EMS,1
97580,1917,ARSENIC EXTRACTABLE,UG/L,AS-EX553,EMS,42
33304,1399,ARSENIC EXTRACTABLE,MG/L,AS-EX129,EMS,1
200016,1526,ARSENIC EXTRACTABLE,MG/L,AS-EF040,EMS,1
108666,2005,ARSENIC TOTAL,UG/L,As-T2005,EMS,42
108110,3553,ARSENIC TOTAL,MG/L,AS-TF121,EMS,1
100250,2640,ARSENIC TOTAL,MG/L,AS-TF037,EMS,1
107906,3528,ARSENIC TOTAL,UG/L,AS-TX555,EMS,42
33008,1367,ARSENIC TOTAL,MG/L,AS-TF037,SEAM,1
1295,10356,ARSENIC TOTAL,MG/L,AS-TF033,EMS,1
97615,1916,ARSENIC TOTAL,MG/KG,AS-TX552,EMS,310
97650,1915,ARSENIC TOTAL,MG/KG,AS-TX551,EMS,310
97999,1919,ARSENIC TOTAL,UG/L,AS-TX555,EMS,42
1163,10319,ARSENIC TOTAL,MG/L,AS-TF038,EMS,1
1234,10347,ARSENIC TOTAL,UG/L,AS-TF068,EMS,42
-103144,-57070,ARSENIC TOTAL,MG/L,AS-TF024,EMS,1
-102942,-57062,ATRAZINE,UG/L,A016-57062,EMS/PESC,42
-102980,-55285,ATRAZINE,UG/L,A016F056,EMS,42
-102948,-57063,AZINPHOS METHYL,UG/L,A008-57063,EMS/PESC,42
-102997,-55284,AZINPHOS METHYL,UG/L,A008F053,EMS,42
1230,10347,BARIUM DISSOLVED,UG/L,BA-DF068,EMS,42
1199,10320,BARIUM DISSOLVED,MG/L,BA-DF039,EMS,1
97966,1920,BARIUM DISSOLVED,UG/L,BA-DX556,EMS,42
107944,3529,BARIUM DISSOLVED,UG/L,BA-DX556,EMS,42
108143,3553,BARIUM DISSOLVED,MG/L,BA-DF032,EMS,1
100493,-50143,BARIUM EXTRACTABLE,UG/L,BA-EF047,EMS,42
97582,1917,BARIUM EXTRACTABLE,UG/L,BA-EX553,EMS,42
56321,1526,BARIUM EXTRACTABLE,MG/L,BA-EF040,EMS,1
56009,1502,BARIUM TOTAL,MG/L,BA-T0040,EMS,1
97502,1919,BARIUM TOTAL,UG/L,BA-TX555,EMS,42
1297,10356,BARIUM TOTAL,MG/L,BA-TF033,EMS,1
97617,1916,BARIUM TOTAL,MG/KG,BA-TX552,EMS,310
97652,1915,BARIUM TOTAL,MG/KG,BA-TX551,EMS,310
100217,2634,BARIUM TOTAL,MG/L,BA-TF048,EMS,1
1161,10319,BARIUM TOTAL,MG/L,BA-TF038,EMS,1
1254,10347,BARIUM TOTAL,UG/L,BA-TF068,EMS,42
107908,3528,BARIUM TOTAL,UG/L,BA-TX555,EMS,42
108111,3553,BARIUM TOTAL,MG/L,BA-TF121,EMS,1
108668,2005,BARIUM TOTAL,UG/L,Ba-T2005,EMS,42
108144,3553,BERYLLIUM DISSOLVED,MG/L,BE-DF032,EMS,1
107945,3529,BERYLLIUM DISSOLVED,UG/L,BE-DX556,EMS,42
1229,10347,BERYLLIUM DISSOLVED,UG/L,BE-DF068,EMS,42
1183,10320,BERYLLIUM DISSOLVED,MG/L,BE-DF039,EMS,1
97967,1920,BERYLLIUM DISSOLVED,UG/L,BE-DX556,EMS,42
97583,1917,BERYLLIUM EXTRACTABLE,UG/L,BE-EX553,EMS,42
100474,-50124,BERYLLIUM EXTRACTABLE,UG/L,BE-EF047,EMS,42
200005,1526,BERYLLIUM EXTRACTABLE,MG/L,BE-EF040,EMS,1
108669,2005,BERYLLIUM TOTAL,UG/L,Be-T2005,EMS,42
107909,3528,BERYLLIUM TOTAL,UG/L,BE-TX555,EMS,42
108112,3553,BERYLLIUM TOTAL,MG/L,BE-TF121,EMS,1
97618,1916,BERYLLIUM TOTAL,MG/KG,BE-TX552,EMS,310
97653,1915,BERYLLIUM TOTAL,MG/KG,BE-TX551,EMS,310
100218,2634,BERYLLIUM TOTAL,UG/L,BE-TF048,EMS,42
1298,10356,BERYLLIUM TOTAL,MG/L,BE-TF033,EMS,1
4010,1502,BERYLLIUM TOTAL,UG/L,BE-T0040,EMS,1
97503,1919,BERYLLIUM TOTAL,UG/L,BE-TX555,EMS,42
1160,10319,BERYLLIUM TOTAL,MG/L,BE-TF038,EMS,1
1253,10347,BERYLLIUM TOTAL,UG/L,BE-TF068,EMS,42
-102926,-57061,BETA-HCH OR BETA-BHC,UG/L,B018F027,EMS,42
1114,10273,BICARBONATE (CALCD.),MG/L,0150XCAL,EMS,1
97968,1920,BISMUTH DISSOLVED,UG/L,BI-DX556,EMS,42
1228,10347,BISMUTH DISSOLVED,UG/L,BI-DF068,EMS,42
107946,3529,BISMUTH DISSOLVED,UG/L,BI-DX556,EMS,42
108145,3553,BISMUTH DISSOLVED,MG/L,BI-DF032,EMS,1
97584,1917,BISMUTH EXTRACTABLE,UG/L,BI-EX553,EMS,42
108670,2005,BISMUTH TOTAL,UG/L,Bi-T2005,EMS,42
108113,3553,BISMUTH TOTAL,MG/L,BI-TF121,EMS,1
107910,3528,BISMUTH TOTAL,UG/L,BI-TX555,EMS,42
1248,10347,BISMUTH TOTAL,UG/L,BI-TF068,EMS,42
97619,1916,BISMUTH TOTAL,MG/KG,BI-TX552,EMS,310
97654,1915,BISMUTH TOTAL,MG/KG,BI-TX551,EMS,310
97504,1919,BISMUTH TOTAL,UG/L,BI-TX555,EMS,42
1286,10356,BISMUTH TOTAL,MG/L,BI-TF033,EMS,1
108142,3553,BORON DISSOLVED,MG/L,B--DF032,EMS,1
107943,3529,BORON DISSOLVED,UG/L,B--DX556,EMS,42
97965,1920,BORON DISSOLVED,UG/L,B--DX556,EMS,42
1227,10347,BORON DISSOLVED,UG/L,B--DF068,EMS,42
1200,10320,BORON DISSOLVED,MG/L,B--DF039,EMS,1
97581,1917,BORON EXTRACTABLE,UG/L,B--EX553,EMS,42
100475,-50125,BORON EXTRACTABLE,UG/L,B--EF047,EMS,42
200006,1526,BORON EXTRACTABLE,MG/L,B--EF040,EMS,1
108667,2005,BORON TOTAL,UG/L,B--T2005,EMS,42
107907,3528,BORON TOTAL,UG/L,B--TX555,EMS,42
108073,3553,BORON TOTAL,MG/L,B--TF121,EMS,1
1296,10356,BORON TOTAL,MG/L,B--TF033,EMS,1
97501,1919,BORON TOTAL,UG/L,B--TX555,EMS,42
1162,10319,BORON TOTAL,MG/L,B--TF038,EMS,1
-102812,-57049,BORON TOTAL,UG/L,B--TF068,EMS,42
1314,10367,BROMIDE DISSOLVED,MG/L,1101XC01,EMS,1
1315,10368,BROMIDE DISSOLVED,MG/L,11011340,EMS,1
101535,617,BROMIDE DISSOLVED,MG/L,1101X044,EMS,1
108947,3613,BROMINE EXTRACTABLE,MG/L,BR-EBRAW,EMS,1
1265,10350,BROMOFORM,UG/L,B013F007,EMS,42
107947,3529,CADMIUM DISSOLVED,UG/L,CD-DX556,EMS,42
108147,3553,CADMIUM DISSOLVED,MG/L,CD-DF032,EMS,1
1198,10320,CADMIUM DISSOLVED,MG/L,CD-DF039,EMS,1
1226,10347,CADMIUM DISSOLVED,UG/L,CD-DF068,EMS,42
97969,1920,CADMIUM DISSOLVED,UG/L,CD-DX556,EMS,42
97585,1917,CADMIUM EXTRACTABLE,UG/L,CD-EX553,EMS,42
48302,1183,CADMIUM EXTRACTABLE,MG/L,CD-EX512,EMS,1
48321,1526,CADMIUM EXTRACTABLE,MG/L,CD-EF040,EMS,1
100491,-50141,CADMIUM EXTRACTABLE,UG/L,CD-EF047,EMS,42
101516,440,CADMIUM TOTAL,MG/L,CD-TX528,EMS,1
107911,3528,CADMIUM TOTAL,UG/L,CD-TX555,EMS,42
108114,3553,CADMIUM TOTAL,MG/L,CD-TF121,EMS,1
108672,2005,CADMIUM TOTAL,UG/L,Cd-T2005,EMS,42
48002,1183,CADMIUM TOTAL,MG/L,CD-TX512,EMS,1
48009,1502,CADMIUM TOTAL,MG/L,CD-T0040,EMS,1
97505,1919,CADMIUM TOTAL,UG/L,CD-TX555,EMS,42
1300,10356,CADMIUM TOTAL,MG/L,CD-TF033,EMS,1
97620,1916,CADMIUM TOTAL,MG/KG,CD-TX552,EMS,310
97655,1915,CADMIUM TOTAL,MG/KG,CD-TX551,EMS,310
100219,2634,CADMIUM TOTAL,MG/L,CD-TF048,EMS,1
1252,10347,CADMIUM TOTAL,UG/L,CD-TF068,EMS,42
1158,10319,CADMIUM TOTAL,MG/L,CD-TF038,EMS,1
-93916,424,CALCIUM DISSOLVED,MG/L,CA-DX040,EMS,1
-93915,-55066,CALCIUM DISSOLVED,%,CA-DCS34,EMS,34
-93914,-55065,CALCIUM DISSOLVED,MG/DM2/DAY,CA-DCS15,EMS,15
-93913,-55064,CALCIUM DISSOLVED,UG/G,CA-DCS02,EMS,2
-93912,-55063,CALCIUM DISSOLVED,MG/L,CA-DCS01,EMS,1
-93911,-57003,CALCIUM DISSOLVED,0,CA-DCS00,EMS,0
-93910,-55057,CALCIUM DISSOLVED,0,CA-DAISP,EMS,0
-93909,-55047,CALCIUM DISSOLVED,MG/L,CA-D5138,EMS,1
-93908,-55007,CALCIUM DISSOLVED,MG/L,CA-D0200,EMS,1
-93907,-55239,CALCIUM DISSOLVED,MG/L,CA-DX350,EMS,1
-93906,-55214,CALCIUM DISSOLVED,MG/DM2/DAY,CA-DX286,EMS,15
-93905,-55191,CALCIUM DISSOLVED,MG/L,CA-DX203,EMS,1
-93904,-55184,CALCIUM DISSOLVED,MG/L,CA-DX170,EMS,1
-93903,-55176,CALCIUM DISSOLVED,MG/L,CA-DX149,EMS,1
-93902,-55150,CALCIUM DISSOLVED,MG/L,CA-DX085,EMS,1
-93901,-55135,CALCIUM DISSOLVED,MG/L,CA-DX053,EMS,1
1180,10320,CALCIUM DISSOLVED,MG/L,CA-DF039,EMS,1
20103,1070,CALCIUM DISSOLVED,MG/L,CA-DX053,EMS,1
108146,3553,CALCIUM DISSOLVED,MG/L,CA-DF032,EMS,1
20321,1526,CALCIUM EXTRACTABLE,MG/L,CA-EF040,EMS,1
1143,10301,CALCIUM EXTRACTABLE,MG/L,CA-EF055,EMS,1
1065,10029,CALCIUM TOTAL,MG/L,CA-T0042,EMS,1
1173,10319,CALCIUM TOTAL,MG/L,CA-TF038,EMS,1
-102815,-57049,CALCIUM TOTAL,UG/L,CA-TF068,EMS,42
-102896,-57058,CALCIUM TOTAL,MG/L,CA-TF033,EMS,1
108671,2005,CALCIUM TOTAL,UG/L,Ca-T2005,EMS,1
108077,3553,CALCIUM TOTAL,MG/L,CA-TF121,EMS,1
-102961,-57064,CAPTAN,UG/L,C005-57064,EMS/PESC,42
-102943,-57062,CARBARYL,UG/L,C001-57062,EMS/PESC,42
-102982,-55285,CARBARYL,UG/L,C001F056,EMS,42
108209,3554,CARBON DISSOLVED INORGANIC,MG/L,1124XCAL,EMS,1
201144,2695,CARBON DISSOLVED INORGANIC,MG/L,1124X171,EMS,1
201145,2695,CARBON DISSOLVED ORGANIC,MG/L,1103XCAL,EMS,1
1067,10036,CARBON DISSOLVED ORGANIC,MG/L,11030914,EMS,1
-93210,-55066,CARBON DISSOLVED ORGANIC,%,1103CS34,EMS,34
-93209,-55065,CARBON DISSOLVED ORGANIC,MG/DM2/DAY,1103CS15,EMS,15
-93208,-55064,CARBON DISSOLVED ORGANIC,UG/G,1103CS02,EMS,2
-93207,-55063,CARBON DISSOLVED ORGANIC,MG/L,1103CS01,EMS,1
-93206,-57003,CARBON DISSOLVED ORGANIC,0,1103CS00,EMS,0
-93205,-55057,CARBON DISSOLVED ORGANIC,MG/L,1103AISP,EMS,1
-93204,-55011,CARBON DISSOLVED ORGANIC,MG/L,11030940,EMS,1
-93202,-55266,CARBON DISSOLVED ORGANIC,MG/L,1103XM10,EMS,1
-93201,-55224,CARBON DISSOLVED ORGANIC,MG/L,1103X314,EMS,1
1269,10350,CARBON TETRACHLORIDE,UG/L,C034F007,EMS,42
-6052,-55011,CARBON TOTAL INORGANIC,MG/L,1240940,EMS,1
-6051,96,CARBON TOTAL INORGANIC,MG/L,0124XCAL,EMS,1
6051,95,CARBON TOTAL INORGANIC,MG/L,0124X171,SEAM,1
108208,3554,CARBON TOTAL INORGANIC,MG/L,0124F127,EMS,1
100531,2695,CARBON TOTAL INORGANIC,MG/L,0124X171,EMS,1
6009,96,CARBON TOTAL ORGANIC,MG/L,0103XCAL,EMS,1
1106,10226,CARBON TOTAL ORGANIC,MG/L,0103X257,EMS,1
1113,10273,CARBONATE (CALCD.),MG/L,0149XCAL,EMS,1
97970,1920,CERIUM DISSOLVED,UG/L,CE-DX556,EMS,42
107948,3529,CERIUM DISSOLVED,UG/L,CE-DX556,EMS,42
97586,1917,CERIUM EXTRACTABLE,UG/L,CE-EX553,EMS,42
97506,1919,CERIUM TOTAL,UG/L,CE-TX555,EMS,42
108673,2005,CERIUM TOTAL,UG/L,Ce-T2005,EMS,42
107912,3528,CERIUM TOTAL,UG/L,CE-TX555,EMS,42
107951,3529,CESIUM DISSOLVED,UG/L,CS-DX556,EMS,42
97973,1920,CESIUM DISSOLVED,UG/L,CS-DX556,EMS,42
97589,1917,CESIUM EXTRACTABLE,UG/L,CS-EX553,EMS,42
107915,3528,CESIUM TOTAL,UG/L,CS-TX555,EMS,42
108676,2005,CESIUM TOTAL,UG/L,Cs-T2005,EMS,42
97509,1919,CESIUM TOTAL,UG/L,CS-TX555,EMS,42
-92104,-57005,CHEMICAL OXYGEN DEMAND,MG/L,0116F031,EMS,1
-92103,-55057,CHEMICAL OXYGEN DEMAND,0,0116AISP,EMS,0
-92102,-55225,CHEMICAL OXYGEN DEMAND,MG/L,0116X315,EMS,1
-92101,-55141,CHEMICAL OXYGEN DEMAND,MG/L,0116X065,EMS,1
109226,3631,CHEMICAL OXYGEN DEMAND,MG/L,0116X504,EMS,1
17206,630,CHLORIDE DISSOLVED,MG/L,1104X316,EMS,1
17209,617,CHLORIDE DISSOLVED,MG/L,1104X044,EMS,1
-98503,-57008,CHLORINE RESIDUAL TOTAL,MG/L,1016X317,EMS,1
-98502,-57007,CHLORINE RESIDUAL TOTAL,MG/L,1016X103,EMS,1
-98501,-55099,CHLORINE RESIDUAL TOTAL,MG/L,1016X004,EMS,1
1279,10350,CHLOROBENZENE,UG/L,C010F007,EMS,42
1271,10350,CHLOROFORM,UG/L,C032F007,EMS,42
-102962,-57064,CHLOROTHALONIL,UG/L,C016-57064,EMS/PESC,42
-102983,-55284,CHLORPYRIFOS,UG/L,C017F053,EMS,42
-102949,-57063,CHLORPYRIFOS,UG/L,C017-57063,EMS/PESC,42
108149,3553,CHROMIUM DISSOLVED,MG/L,CR-DF032,EMS,1
107950,3529,CHROMIUM DISSOLVED,UG/L,CR-DX556,EMS,42
1225,10347,CHROMIUM DISSOLVED,UG/L,CR-DF068,EMS,42
1196,10320,CHROMIUM DISSOLVED,MG/L,CR-DF039,EMS,1
97972,1920,CHROMIUM DISSOLVED,UG/L,CR-DX556,EMS,42
97588,1917,CHROMIUM EXTRACTABLE,UG/L,CR-EX553,EMS,42
24321,1526,CHROMIUM EXTRACTABLE,MG/L,CO-EF040,EMS,1
100478,-50128,CHROMIUM EXTRACTABLE,UG/L,CR-EF047,EMS,42
107914,3528,CHROMIUM TOTAL,UG/L,CR-TX555,EMS,42
108116,3553,CHROMIUM TOTAL,MG/L,CR-TF121,EMS,1
108675,2005,CHROMIUM TOTAL,UG/L,Cr-T2005,EMS,42
24003,1114,CHROMIUM TOTAL,MG/L,CR-TX514,EMS,1
24009,1502,CHROMIUM TOTAL,MG/L,CR-T0040,EMS,1
97508,1919,CHROMIUM TOTAL,UG/L,CR-TX555,EMS,42
1302,10356,CHROMIUM TOTAL,MG/L,CR-TF033,EMS,1
97623,1916,CHROMIUM TOTAL,MG/KG,CR-TX552,EMS,310
97658,1915,CHROMIUM TOTAL,MG/KG,CR-TX551,EMS,310
100221,2634,CHROMIUM TOTAL,MG/L,CR-TF048,EMS,1
1156,10319,CHROMIUM TOTAL,MG/L,CR-TF038,EMS,1
1250,10347,CHROMIUM TOTAL,UG/L,CR-TF068,EMS,42
1224,10347,COBALT DISSOLVED,UG/L,CO-DF068,EMS,42
1197,10320,COBALT DISSOLVED,MG/L,CO-DF039,EMS,1
97971,1920,COBALT DISSOLVED,UG/L,CO-DX556,EMS,42
108148,3553,COBALT DISSOLVED,MG/L,CO-DF032,EMS,1
107949,3529,COBALT DISSOLVED,UG/L,CO-DX556,EMS,42
100480,-50130,COBALT EXTRACTABLE,UG/L,CO-EF047,EMS,42
97587,1917,COBALT EXTRACTABLE,UG/L,CO-EX553,EMS,42
27321,1526,COBALT EXTRACTABLE,MG/L,CR-EF040,EMS,1
27009,1502,COBALT TOTAL,MG/L,CO-T0040,EMS,1
97507,1919,COBALT TOTAL,UG/L,CO-TX555,EMS,42
1301,10356,COBALT TOTAL,MG/L,CO-TF033,EMS,1
97622,1916,COBALT TOTAL,MG/KG,CO-TX552,EMS,310
97657,1915,COBALT TOTAL,MG/KG,CO-TX551,EMS,310
100220,2634,COBALT TOTAL,MG/L,CO-TF048,EMS,1
1157,10319,COBALT TOTAL,MG/L,CO-TF038,EMS,1
1251,10347,COBALT TOTAL,UG/L,CO-TF068,EMS,42
107913,3528,COBALT TOTAL,UG/L,CO-TX555,EMS,42
108115,3553,COBALT TOTAL,MG/L,CO-TF121,EMS,1
108674,2005,COBALT TOTAL,UG/L,Co-T2005,EMS,42
1092,10129,COLIFORMS FECAL,CFU/CL,0450X015,EMS,23
1094,10134,COLIFORMS FECAL,CFU/100ML,0450X022,EMS,22
-92607,-55245,COLIFORMS FECAL,MPN/G,0450X390,EMS,47
-92606,-57031,COLIFORMS FECAL,0,0450BISP,EMS,0
-92605,-55039,COLIFORMS FECAL,MPN,4502495,EMS,23
-92604,-55037,COLIFORMS FECAL,CFU/100ML,4502481,EMS,22
-92603,-55245,COLIFORMS FECAL,MPN/G,0450X390,EMS,373
-92707,-57031,COLIFORMS TOTAL,0,0451BISP,EMS,0
-92705,-55038,COLIFORMS TOTAL,CFU/100ML,4512484,EMS,22
-92704,-55037,COLIFORMS TOTAL,CFU/100ML,4512481,EMS,22
-92703,-55244,COLIFORMS TOTAL,MPN,0451X388,EMS,23
-92701,-55106,COLIFORMS TOTAL,CFU/CL,0451X015,EMS,23
1096,10134,COLIFORMS TOTAL,CFU/100ML,0451X022,EMS,356
1102,10183,COLOUR APPARENT,COLOR UNIT,0001X118,EMS,6
1127,10287,COLOUR APPARENT,COLOR UNIT,0001XM14,EMS,6
-90004,-55266,COLOUR APPARENT,USIE/CM,0001XM10,EMS,4
-90001,-55101,COLOUR APPARENT,COLOR UNIT,0001X010,EMS,6
2011,24,COLOUR APPARENT,REL UNITS,0001X152,EMS,6
1128,10287,COLOUR TOTAL ABSORBANCE,TAC UNITS,0024XM14,EMS,8
1089,10124,COLOUR TOTAL ABSORBANCE,SWU,1052X010,EMS,9
1071,10054,COLOUR TOTAL ABSORBANCE,SWU,10521320,EMS,9
-93105,-55057,COLOUR TOTAL ABSORBANCE,MG/L,1052AISP,EMS,1
-93103,-55226,COLOUR TOTAL ABSORBANCE,SWU,1052X320,EMS,9
-93102,-55120,COLOUR TOTAL ABSORBANCE,SWU,1052X034,EMS,9
2021,24,COLOUR TRUE,REL UNITS,0002X152,EMS,6
-90109,-55227,COLOUR TRUE,COLOR UNIT,0002X321,EMS,6
-90108,-55057,COLOUR TRUE,0,0002AISP,EMS,0
-90107,-55027,COLOUR TRUE,COLOR UNIT,21301,EMS,6
-90106,-55268,COLOUR TRUE,COLOR UNIT,0002XM14,EMS,6
-90105,-55227,COLOUR TRUE,SWU,0002X321,EMS,9
-90103,-55162,COLOUR TRUE,COLOR UNIT,0002X118,EMS,6
-90101,-55157,COLOUR TRUE,COLOR UNIT,0002X105,EMS,6
1101,10179,COLOUR TRUE,COLOR UNIT,0002X106,EMS,6
1223,10347,COPPER DISSOLVED,UG/L,CU-DF068,EMS,42
1195,10320,COPPER DISSOLVED,MG/L,CU-DF039,EMS,1
97974,1920,COPPER DISSOLVED,UG/L,CU-DX556,EMS,42
108150,3553,COPPER DISSOLVED,MG/L,CU-DF032,EMS,1
107952,3529,COPPER DISSOLVED,UG/L,CU-DX556,EMS,42
100482,-50132,COPPER EXTRACTABLE,UG/L,CU-EF047,EMS,42
97590,1917,COPPER EXTRACTABLE,UG/L,CU-EX553,EMS,42
29305,1183,COPPER EXTRACTABLE,MG/L,CU-EX512,EMS,1
29321,1526,COPPER EXTRACTABLE,MG/L,CU-EF040,EMS,1
29005,1183,COPPER TOTAL,MG/L,CU-TX512,EMS,1
29009,1502,COPPER TOTAL,MG/L,CU-T0040,EMS,1
97510,1919,COPPER TOTAL,UG/L,CU-TX555,EMS,42
1303,10356,COPPER TOTAL,MG/L,CU-TF033,EMS,1
97625,1916,COPPER TOTAL,MG/KG,CU-TX552,EMS,310
97660,1915,COPPER TOTAL,MG/KG,CU-TX551,EMS,310
100222,2634,COPPER TOTAL,MG/L,CU-TF048,EMS,1
1155,10319,COPPER TOTAL,MG/L,CU-TF038,EMS,1
1249,10347,COPPER TOTAL,UG/L,CU-TF068,EMS,42
107916,3528,COPPER TOTAL,UG/L,CU-TX555,EMS,42
108117,3553,COPPER TOTAL,MG/L,CU-TF121,EMS,1
108677,2005,COPPER TOTAL,UG/L,Cu-T2005,EMS,42
1317,10369,CYANIDE TOTAL,MG/L,0105AA09,EMS,1
1317,10369,CYANIDE TOTAL,MG/L,2105X323,EMS,1
1207,10338,CYANIDE TOTAL,UG/L,2105AA04,EMS,42
1258,10349,CYANIDE TOTAL,MG/L,0105X153,EMS,1
-103151,-55290,CYANIDE TOTAL,MG/L,2105X400,EMS,1
200017,187,CYANIDE TOTAL,MG/L,0105X323,EMS,1
200017,187,CYANIDE TOTAL,MG/L,2105AA05,EMS,1
109641,10365,CYANIDE TOTAL,MG/L,0105X323,EMS,1
200020,187,"CYANIDE, WEAK ACID DISSOCIABLE",UG/L,0157AA07,EMS,42
109642,10365,"CYANIDE, WEAK ACID DISSOCIABLE",MG/L,0157X323,EMS,1
1063,10006,"CYANIDE, WEAK ACID DISSOCIABLE",MG/L,0157AA07,EMS,1
1316,10369,"CYANIDE, WEAK ACID DISSOCIABLE",MG/L,0157X400,EMS,1
-103152,-55289,"CYANIDE, WEAK ACID DISSOCIABLE",MG/L,0157X323,EMS,1
1088,10095,DEHYDROABIETIC ACID,UG/L,D052F009,EMS,42
-94012,-57045,DEHYDROABIETIC ACID,0,D052RASC,EMS,0
-94011,-55094,DEHYDROABIETIC ACID,MG/L,D052P035,EMS,1
-94010,-55093,DEHYDROABIETIC ACID,MG/L,D052P033,EMS,1
-94009,-55092,DEHYDROABIETIC ACID,MG/L,D052P030,EMS,1
-94008,-57044,DEHYDROABIETIC ACID,0,D052ORSP,EMS,0
-94007,-55086,DEHYDROABIETIC ACID,UG/G,D052MP02,EMS,2
-94006,-55083,DEHYDROABIETIC ACID,UG/G,D052FS05,EMS,2
-94004,-55249,DEHYDROABIETIC ACID,MG/L,D052X461,EMS,1
-94003,-55210,DEHYDROABIETIC ACID,MG/L,D052X266,EMS,1
-94002,-55208,DEHYDROABIETIC ACID,UG/G,D052X261,EMS,2
-94001,-55198,DEHYDROABIETIC ACID,MG/L,D052X239,EMS,1
1082,10095,DEHYDROISOPIMARIC ACID,UG/L,D051F009,EMS,42
-102927,-57061,DELTA-HCH OR DELTA-BHC,UG/L,B019F027,EMS,42
-102950,-57063,DEMETON O,UG/L,D042-57063,EMS/PESC,42
-102984,-55284,DEMETON S,UG/L,D043F053,EMS,42
-102951,-57063,DEMETON S,UG/L,D043-57063,EMS/PESC,42
-102964,-57064,DESETHYL ATRAZINE,UG/L,1019-57064,EMS/PESC,42
-102952,-57063,DIAZINON,UG/L,D010-57063,EMS/PESC,42
-102995,-55284,DIAZINON,UG/L,D010F053,EMS,42
1270,10350,DIBROMOCHLOROMETHANE,UG/L,C033F007,EMS,42
-103002,-55283,DICAMBA,UG/L,D032F052,EMS,42
-102963,-57064,DICHLOBENIL,UG/L,-129082,EMS/PESC,42
-98103,-55278,DICHLOFENTHION TOTAL,UG/G,D055ZN04,EMS,2
-98102,-55277,DICHLOFENTHION TOTAL,UG/G,D055ZN03,EMS,2
-98101,-55276,DICHLOFENTHION TOTAL,MG/L,D055ZN01,EMS,1
1266,10350,DICHLOROBROMOMETHANE,UG/L,B012F007,EMS,42
1087,10095,DICHLORODEHYDROABIETIC ACID,UG/L,D053F009,EMS,42
-98008,-55208,DICHLORODEHYDROABIETIC ACID,UG/G,D053X261,EMS,2
-98007,-55083,DICHLORODEHYDROABIETIC ACID,UG/G,D053FS05,EMS,2
-98005,-55210,DICHLORODEHYDROABIETIC ACID,MG/L,D053X266,EMS,1
-98004,-55198,DICHLORODEHYDROABIETIC ACID,MG/L,D053X239,EMS,1
-98003,-55094,DICHLORODEHYDROABIETIC ACID,MG/L,D053P035,EMS,1
-98002,-55092,DICHLORODEHYDROABIETIC ACID,MG/L,D053P030,EMS,1
-98001,-55086,DICHLORODEHYDROABIETIC ACID,UG/G,D053MP02,EMS,2
1264,10350,DICHLOROMETHANE,UG/L,M041F007,EMS,42
-103004,-55283,DICHLORPROP,UG/L,D045F052,EMS,42
-102930,-57061,DIELDRIN,UG/L,D022F027,EMS,42
-102994,-55284,DIMETHOATE,UG/L,D001F053,EMS,42
-102953,-57063,DIMETHOATE,UG/L,D001-57063,EMS/PESC,42
-103001,-55283,DINOSEB,UG/L,D031F052,EMS,42
-91112,-55059,DISCHARGE DAILY MEAN,M3/DAY,0018CAL4,EMS,35
-91111,-55272,DISCHARGE DAILY MEAN,M3/DAY,0018XM19,EMS,35
-91110,-55267,DISCHARGE DAILY MEAN,M3/DAY,0018XM11,EMS,35
-91109,-55266,DISCHARGE DAILY MEAN,M3/DAY,0018XM10,EMS,35
-91108,-55264,DISCHARGE DAILY MEAN,M3/DAY,0018XM04,EMS,35
-91107,-55261,DISCHARGE DAILY MEAN,M3/DAY,0018XM00,EMS,35
-91106,-55258,DISCHARGE DAILY MEAN,M3/DAY,0018XG02,EMS,35
-91105,-55257,DISCHARGE DAILY MEAN,M3/DAY,0018XG01,EMS,35
-91104,-55256,DISCHARGE DAILY MEAN,M3/DAY,0018XG00,EMS,35
-91103,-55254,DISCHARGE DAILY MEAN,M3/DAY,0018XCAL,EMS,35
-91102,-55250,DISCHARGE DAILY MEAN,M3/DAY,0018X462,EMS,35
-91101,-55173,DISCHARGE DAILY MEAN,M3/DAY,0018X144,EMS,35
-93007,-55267,DISCHARGE INSTANTANEOUS,M3/S W,1018XM11,EMS,26
-93006,-55264,DISCHARGE INSTANTANEOUS,M3/S W,1018XM04,EMS,26
-93005,-55261,DISCHARGE INSTANTANEOUS,M3/S W,1018XM00,EMS,26
-93004,-55258,DISCHARGE INSTANTANEOUS,M3/S W,1018XG02,EMS,26
-93003,-55257,DISCHARGE INSTANTANEOUS,M3/S W,1018XG01,EMS,26
-93002,-55256,DISCHARGE INSTANTANEOUS,M3/S W,1018XG00,EMS,26
-93001,-55168,DISCHARGE INSTANTANEOUS,M3/S W,1018X135,EMS,26
108036,3540,EH,MV,5093540,EMS,33
-102934,-57061,ENDOSULFAN I,UG/L,E040F027,EMS,42
-102935,-57061,ENDOSULFAN II,UG/L,E041F027,EMS,42
-102936,-57061,ENDOSULFAN SULPHATE TOTAL,UG/L,E042F027,EMS,42
-102932,-57061,ENDRIN,UG/L,E007F027,EMS,42
-102933,-57061,ENDRIN ALDEHYDE,UG/L,E008F027,EMS,42
1097,10134,ENTEROCOCUS,CFU/100ML,0148X022,EMS,22
1091,10129,ESCHERICHIA COLI,MPN/CL,0147X015,EMS,23
1095,10134,ESCHERICHIA COLI,CFU/100ML,0147X022,EMS,22
-92706,-55106,ESCHERICHIA COLI,MPN,0147X015,EMS,23
-102954,-57063,ETHION,UG/L,E009-57063,EMS/PESC,42
-102996,-55284,ETHION,UG/L,E009F053,EMS,42
324,617,FLUORIDE,MG/L,0106X044,EMS,1
1257,10348,FLUORIDE,MG/L,11061341,EMS,1
201836,617,FLUORIDE DISSOLVED,MG/L,1106X044,EMS,1
1103,10193,FLUORIDE DISSOLVED,MG/L,1106X143,EMS,1
9105,356,FLUORIDE DISSOLVED,MG/L,1106X517,EMS,1
97976,1920,GALLIUM DISSOLVED,UG/L,GA-DX556,EMS,42
107954,3529,GALLIUM DISSOLVED,UG/L,GA-DX556,EMS,42
97592,1917,GALLIUM EXTRACTABLE,UG/L,GA-EX553,EMS,42
100484,-50134,GALLIUM EXTRACTABLE,UG/L,GA-EF047,EMS,42
97512,1919,GALLIUM TOTAL,UG/L,GA-TX555,EMS,42
97542,1915,GALLIUM TOTAL,MG/KG,GA-TX551,EMS,310
97627,1916,GALLIUM TOTAL,MG/KG,GA-TX552,EMS,310
108679,2005,GALLIUM TOTAL,UG/L,Ga-T2005,EMS,42
107918,3528,GALLIUM TOTAL,UG/L,GA-TX555,EMS,42
-102965,-57064,GAMMA-CHLORDANE,UG/L,C012-57064,EMS/PESC,42
-102939,-57061,GAMMA-HCH (LINDANE),UG/L,L002F027,EMS,42
108681,2005,GERMANIUM TOTAL,UG/L,Ge-T2005,EMS,42
10601,422,HARDNESS TOTAL (CALCD.) CACO3,MG/L,1107MCAL,EMS,1
10602,423,HARDNESS TOTAL (CALCD.) CACO3,MG/L,1107CCAL,EMS,1
1205,10335,HARDNESS TOTAL (CALCD.) CACO3,MG/L,0107CCAL,EMS,1
1205,10335,HARDNESS TOTAL (CALCD.) CACO3,MG/L,2107CCAL,EMS,1
1206,10336,HARDNESS TOTAL (CALCD.) CACO3,MG/L,2107MCAL,EMS,1
10603,424,HARDNESS TOTAL CACO3,MG/L,1107X040,EMS,1
-102937,-57061,HEPTACHLOR,UG/L,H001F027,EMS,42
-102938,-57061,HEPTACHLOR EPOXIDE,UG/L,H002F027,EMS,42
-102944,-57062,HEXAZINONE,UG/L,H008-57062,EMS/PESC,42
-102985,-55285,HEXAZINONE,UG/L,H008F056,EMS,42
1112,10273,HYDROXIDE (CALCD.),MG/L,AK-HXCAL,EMS,1
108682,2005,INDIUM TOTAL,UG/L,In-T2005,EMS,42
1194,10320,IRON DISSOLVED,MG/L,FE-DF039,EMS,1
97975,1920,IRON DISSOLVED,UG/L,FE-DX556,EMS,42
107953,3529,IRON DISSOLVED,UG/L,FE-DX556,EMS,42
108151,3553,IRON DISSOLVED,MG/L,FE-DF032,EMS,1
97591,1917,IRON EXTRACTABLE,UG/L,FE-EX553,EMS,42
26304,479,IRON EXTRACTABLE,MG/L,FE-EX130,EMS,1
26321,1526,IRON EXTRACTABLE,MG/L,FE-EF040,EMS,1
26004,479,IRON TOTAL,MG/L,FE-T0020,EMS,1
26009,1502,IRON TOTAL,MG/L,FE-T0040,EMS,1
97511,1919,IRON TOTAL,UG/L,FE-TX555,EMS,42
1289,10356,IRON TOTAL,MG/L,FE-TF033,EMS,1
97626,1916,IRON TOTAL,MG/KG,FE-TX552,EMS,310
97661,1915,IRON TOTAL,MG/KG,FE-TX551,EMS,310
100223,2634,IRON TOTAL,MG/L,FE-TF048,EMS,1
1172,10319,IRON TOTAL,MG/L,FE-TF038,EMS,1
108678,2005,IRON TOTAL,UG/L,Fe-T2005,EMS,42
108118,3553,IRON TOTAL,MG/L,FE-TF121,EMS,1
107917,3528,IRON TOTAL,UG/L,FE-TX555,EMS,42
1080,10095,ISOPIMARIC ACID,UG/L,I004F009,EMS,42
107955,3529,LANTHANUM DISSOLVED,UG/L,LA-DX556,EMS,42
97977,1920,LANTHANUM DISSOLVED,UG/L,LA-DX556,EMS,42
97593,1917,LANTHANUM EXTRACTABLE,UG/L,LA-EX553,EMS,42
100494,-50144,LANTHANUM EXTRACTABLE,UG/L,LA-EF047,EMS,42
97513,1919,LANTHANUM TOTAL,UG/L,LA-TX555,EMS,42
97628,1916,LANTHANUM TOTAL,MG/KG,LA-TX552,EMS,310
97662,1915,LANTHANUM TOTAL,MG/KG,LA-TX551,EMS,310
108684,2005,LANTHANUM TOTAL,UG/L,La-T2005,EMS,42
107919,3528,LANTHANUM TOTAL,UG/L,LA-TX555,EMS,42
1191,10320,LEAD DISSOLVED,MG/L,PB-DF039,EMS,1
1222,10347,LEAD DISSOLVED,UG/L,PB-DF068,EMS,42
97983,1920,LEAD DISSOLVED,UG/L,PB-DX556,EMS,42
107961,3529,LEAD DISSOLVED,UG/L,PB-DX556,EMS,42
108161,3553,LEAD DISSOLVED,MG/L,PB-DF032,EMS,1
100496,-50146,LEAD EXTRACTABLE,UG/L,PB-EF047,EMS,42
97599,1917,LEAD EXTRACTABLE,UG/L,PB-EX553,EMS,42
82302,1183,LEAD EXTRACTABLE,MG/L,PB-EX512,EMS,1
82321,1526,LEAD EXTRACTABLE,MG/L,PB-EF040,EMS,1
82002,1183,LEAD TOTAL,MG/L,PB-TX512,EMS,1
82009,1502,LEAD TOTAL,MG/L,PB-T0040,EMS,1
1292,10356,LEAD TOTAL,MG/L,PB-TF033,EMS,1
97634,1916,LEAD TOTAL,MG/KG,PB-TX552,EMS,310
97519,1919,LEAD TOTAL,UG/L,PB-TX555,EMS,42
100228,2634,LEAD TOTAL,MG/L,PB-TF048,EMS,1
97668,1915,LEAD TOTAL,MG/KG,PB-TX551,EMS,310
1244,10347,LEAD TOTAL,UG/L,PB-TF068,EMS,42
1166,10319,LEAD TOTAL,MG/L,PB-TF038,EMS,1
107925,3528,LEAD TOTAL,UG/L,PB-TX555,EMS,42
108125,3553,LEAD TOTAL,MG/L,PB-TF121,EMS,1
108692,2005,LEAD TOTAL,UG/L,Pb-T2005,EMS,42
-91202,-55271,"LEVEL, NON-VENTED",M,0021XM18,EMS,24
-91201,-55259,"LEVEL, NON-VENTED",M,0021XG05,EMS,24
1221,10347,LITHIUM DISSOLVED,UG/L,LI-DF068,EMS,42
97978,1920,LITHIUM DISSOLVED,UG/L,LI-DX556,EMS,42
108154,3553,LITHIUM DISSOLVED,MG/L,LI-DF032,EMS,1
107956,3529,LITHIUM DISSOLVED,UG/L,LI-DX556,EMS,42
100473,-50123,LITHIUM EXTRACTABLE,UG/L,LI-EF047,EMS,42
97594,1917,LITHIUM EXTRACTABLE,UG/L,LI-EX553,EMS,42
97629,1916,LITHIUM TOTAL,MG/KG,LI-TX552,EMS,310
97514,1919,LITHIUM TOTAL,UG/L,LI-TX555,EMS,42
100224,2634,LITHIUM TOTAL,MG/L,LI-TF048,EMS,1
97663,1915,LITHIUM TOTAL,MG/KG,LI-TX551,EMS,310
3009,64,LITHIUM TOTAL,MG/L,LI-TX170,EMS,1
1287,10356,LITHIUM TOTAL,MG/L,LI-TF033,EMS,1
1247,10347,LITHIUM TOTAL,UG/L,LI-TF068,EMS,42
107920,3528,LITHIUM TOTAL,UG/L,LI-TX555,EMS,42
108120,3553,LITHIUM TOTAL,MG/L,LI-TF121,EMS,1
108685,2005,LITHIUM TOTAL,UG/L,Li-T2005,EMS,42
108155,3553,MAGNESIUM DISSOLVED,MG/L,MG-DF032,EMS,1
1220,10347,MAGNESIUM DISSOLVED,UG/L,MG-DF068,EMS,42
1179,10320,MAGNESIUM DISSOLVED,MG/L,MG-DF039,EMS,1
12102,459,MAGNESIUM DISSOLVED,MG/L,MG-DX516,EMS,1
-95716,-55066,MAGNESIUM DISSOLVED,%,MG-DCS34,EMS,34
-95715,-55065,MAGNESIUM DISSOLVED,MG/DM2/DAY,MG-DCS15,EMS,15
-95714,-55064,MAGNESIUM DISSOLVED,UG/G,MG-DCS02,EMS,2
-95713,-55063,MAGNESIUM DISSOLVED,MG/L,MG-DCS01,EMS,1
-95712,-57003,MAGNESIUM DISSOLVED,0,MG-DCS00,EMS,0
-95711,-55057,MAGNESIUM DISSOLVED,0,MG-DAISP,EMS,0
-95710,-55047,MAGNESIUM DISSOLVED,MG/L,MG-D5138,EMS,1
-95709,-55007,MAGNESIUM DISSOLVED,MG/L,MG-D0200,EMS,1
-95708,-55002,MAGNESIUM DISSOLVED,MG/L,MG-D0040,EMS,1
-95707,-55254,MAGNESIUM DISSOLVED,MG/L,MG-DXCAL,EMS,1
-95706,-55239,MAGNESIUM DISSOLVED,MG/L,MG-DX350,EMS,1
-95705,-55191,MAGNESIUM DISSOLVED,MG/L,MG-DX203,EMS,1
-95704,-55184,MAGNESIUM DISSOLVED,MG/L,MG-DX170,EMS,1
-95703,-55150,MAGNESIUM DISSOLVED,MG/L,MG-DX085,EMS,1
-95702,-55135,MAGNESIUM DISSOLVED,MG/L,MG-DX053,EMS,1
-95701,-55116,MAGNESIUM DISSOLVED,MG/L,MG-DX028,EMS,1
12101,463,MAGNESIUM DISSOLVED (CALCD.),MG/L,MG-DXCAL,EMS,1
12321,1526,MAGNESIUM EXTRACTABLE,MG/L,MG-EF040,EMS,1
1141,10301,MAGNESIUM EXTRACTABLE,MG/L,MG-EF055,EMS,1
108086,3553,MAGNESIUM TOTAL,MG/L,MG-TF121,EMS,1
-102877,-57058,MAGNESIUM TOTAL,MG/L,MG-TF033,EMS,1
-102822,-57049,MAGNESIUM TOTAL,UG/L,MG-TF068,EMS,42
1066,10029,MAGNESIUM TOTAL,MG/L,MG-T0042,EMS,1
1154,10319,MAGNESIUM TOTAL,MG/L,MG-TF038,EMS,1
108686,2005,MAGNESIUM TOTAL,UG/L,Mg-T2005,EMS,1
-102986,-55284,MALATHION,UG/L,M001F053,EMS,42
-102955,-57063,MALATHION,UG/L,M001-57063,EMS/PESC,42
107957,3529,MANGANESE DISSOLVED,UG/L,MN-DX556,EMS,42
108156,3553,MANGANESE DISSOLVED,MG/L,MN-DF032,EMS,1
1177,10320,MANGANESE DISSOLVED,MG/L,MN-DF039,EMS,1
1219,10347,MANGANESE DISSOLVED,UG/L,MN-DF068,EMS,42
97979,1920,MANGANESE DISSOLVED,UG/L,MN-DX556,EMS,42
97595,1917,MANGANESE EXTRACTABLE,UG/L,MN-EX553,EMS,42
25304,1172,MANGANESE EXTRACTABLE,MG/L,MN-EX513,EMS,1
25321,1526,MANGANESE EXTRACTABLE,MG/L,MN-EF040,EMS,1
100479,-50129,MANGANESE EXTRACTABLE,UG/L,MN-EF047,EMS,42
107921,3528,MANGANESE TOTAL,UG/L,MN-TX555,EMS,42
108121,3553,MANGANESE TOTAL,MG/L,MN-TF121,EMS,1
108687,2005,MANGANESE TOTAL,UG/L,Mn-T2005,EMS,42
25004,1161,MANGANESE TOTAL,MG/L,MN-T0020,EMS,1
25010,1502,MANGANESE TOTAL,MG/L,MN-T0040,EMS,1
1304,10356,MANGANESE TOTAL,MG/L,MN-TF033,EMS,1
97630,1916,MANGANESE TOTAL,MG/KG,MN-TX552,EMS,310
97515,1919,MANGANESE TOTAL,UG/L,MN-TX555,EMS,42
100225,2634,MANGANESE TOTAL,MG/L,MN-TF048,EMS,1
97664,1915,MANGANESE TOTAL,MG/KG,MN-TX551,EMS,310
1246,10347,MANGANESE TOTAL,UG/L,MN-TF068,EMS,42
1153,10319,MANGANESE TOTAL,MG/L,MN-TF038,EMS,1
108152,3553,MERCURY DISSOLVED,MG/L,HG-DF032,EMS,1
80311,1594,MERCURY EXTRACTABLE,UG/L,HG-EX510,EMS,42
80011,1594,MERCURY TOTAL,UG/L,HG-T2310,EMS,1
1282,10352,MERCURY TOTAL,UG/L,HG-TF021,EMS,42
100249,2639,MERCURY TOTAL,UG/L,HG-TX521,EMS,42
108119,3553,MERCURY TOTAL,MG/L,HG-TF121,EMS,1
-102987,-55285,METALAXYL,UG/L,M004F056,EMS,42
-102945,-57062,METALAXYL,UG/L,M004-57062,EMS/PESC,42
-102966,-57064,METHAMIDAPHOS,UG/L,M002-57064,EMS/PESC,42
-102988,-55284,METHIDATHION,UG/L,M013F053,EMS,42
-102956,-57063,METHIDATHION,UG/L,M013-57063,EMS/PESC,42
-97701,-55205,METHOMYL,PG/L,T061X253,EMS,39
-102967,-57064,METHOPRENE,UG/L,-129084,EMS/PESC,42
-102940,-57061,METHOXYCHLOR,UG/L,M016F027,EMS,42
-102968,-57064,METOLACHLOR,UG/L,M005-57064,EMS/PESC,42
-102957,-57063,MEVINPHOS,UG/L,M025-57063,EMS/PESC,42
-102989,-55284,MEVINPHOS,UG/L,M025F053,EMS,42
1193,10320,MOLYBDENUM DISSOLVED,MG/L,MO-DF039,EMS,1
1218,10347,MOLYBDENUM DISSOLVED,UG/L,MO-DF068,EMS,42
97980,1920,MOLYBDENUM DISSOLVED,UG/L,MO-DX556,EMS,42
108157,3553,MOLYBDENUM DISSOLVED,MG/L,MO-DF032,EMS,1
107958,3529,MOLYBDENUM DISSOLVED,UG/L,MO-DX556,EMS,42
97596,1917,MOLYBDENUM EXTRACTABLE,UG/L,MO-EX553,EMS,42
42121,1526,MOLYBDENUM EXTRACTABLE,MG/L,MO-EF040,EMS,1
42009,1502,MOLYBDENUM TOTAL,MG/L,MO-T0040,EMS,1
1305,10356,MOLYBDENUM TOTAL,MG/L,MO-TF033,EMS,1
97631,1916,MOLYBDENUM TOTAL,MG/KG,MO-TX552,EMS,310
97516,1919,MOLYBDENUM TOTAL,UG/L,MO-TX555,EMS,42
100226,2634,MOLYBDENUM TOTAL,MG/L,MO-TF048,EMS,1
97665,1915,MOLYBDENUM TOTAL,MG/KG,MO-TX551,EMS,310
1245,10347,MOLYBDENUM TOTAL,UG/L,MO-TF068,EMS,42
1152,10319,MOLYBDENUM TOTAL,MG/L,MO-TF038,EMS,1
108122,3553,MOLYBDENUM TOTAL,MG/L,MO-TF121,EMS,1
107922,3528,MOLYBDENUM TOTAL,UG/L,MO-TX555,EMS,42
101517,440,MOLYBDENUM TOTAL,MG/L,MO-TX528,EMS,1
108688,2005,MOLYBDENUM TOTAL,UG/L,Mo-T2005,EMS,42
-102969,-57064,MYCLOBUTANIL,UG/L,-129085,EMS/PESC,42
-102958,-57063,NALED,UG/L,N001-57063,EMS/PESC,42
-102990,-55283,NALED,UG/L,N001F053,EMS,42
-102970,-57064,NAPROPAMIDE,UG/L,N002-57064,EMS/PESC,42
1079,10095,NEOABIETIC ACID,UG/L,N005F009,EMS,42
97982,1920,NICKEL DISSOLVED,UG/L,NI-DX556,EMS,42
1192,10320,NICKEL DISSOLVED,MG/L,NI-DF039,EMS,1
1217,10347,NICKEL DISSOLVED,UG/L,NI-DF068,EMS,42
107960,3529,NICKEL DISSOLVED,UG/L,NI-DX556,EMS,42
108159,3553,NICKEL DISSOLVED,MG/L,NI-DF032,EMS,1
100481,-50131,NICKEL EXTRACTABLE,UG/L,NI-EF047,EMS,42
97598,1917,NICKEL EXTRACTABLE,UG/L,NI-EX553,EMS,42
28321,1526,NICKEL EXTRACTABLE,MG/L,NI-EF040,EMS,1
28002,1183,NICKEL TOTAL,MG/L,NI-TX512,EMS,1
28009,1502,NICKEL TOTAL,MG/L,NI-T0040,EMS,1
1306,10356,NICKEL TOTAL,MG/L,NI-TF033,EMS,1
97633,1916,NICKEL TOTAL,MG/KG,NI-TX552,EMS,310
97518,1919,NICKEL TOTAL,UG/L,NI-TX555,EMS,42
100227,2634,NICKEL TOTAL,MG/L,NI-TF048,EMS,1
97667,1915,NICKEL TOTAL,MG/KG,NI-TX551,EMS,310
1243,10347,NICKEL TOTAL,UG/L,NI-TF068,EMS,42
1151,10319,NICKEL TOTAL,MG/L,NI-TF038,EMS,1
107924,3528,NICKEL TOTAL,UG/L,NI-TX555,EMS,42
108123,3553,NICKEL TOTAL,MG/L,NI-TF121,EMS,1
108691,2005,NICKEL TOTAL,UG/L,Ni-T2005,EMS,42
107959,3529,NIOBIUM DISSOLVED,UG/L,NB-DX556,EMS,42
97981,1920,NIOBIUM DISSOLVED,UG/L,SN-DX556,EMS,42
97597,1917,NIOBIUM EXTRACTABLE,UG/L,NB-EX553,EMS,42
97517,1919,NIOBIUM TOTAL,UG/L,NB-TX555,EMS,42
107923,3528,NIOBIUM TOTAL,UG/L,NB-TX555,EMS,42
108690,2005,NIOBIUM TOTAL,UG/L,Nb-T2005,EMS,42
1120,10273,NITROGEN DISSOLVED KJELDAHL,MG/L,1113XCAL,EMS,1
1115,10273,NITROGEN DISSOLVED NITRATE,MG/L,1110XCAL,EMS,1
7315,267,NITROGEN DISSOLVED NITRATE,MG/L,1110X044,EMS,1
-93513,-55180,NITROGEN DISSOLVED NITRATE,MG/L,1111X155,EMS,1
-93512,-55066,NITROGEN DISSOLVED NITRATE,%,1111CS34,EMS,34
-93511,-55065,NITROGEN DISSOLVED NITRATE,MG/DM2/DAY,1111CS15,EMS,15
-93510,-55064,NITROGEN DISSOLVED NITRATE,UG/G,1111CS02,EMS,2
-93509,-55063,NITROGEN DISSOLVED NITRATE,MG/L,1111CS01,EMS,1
-93508,-57003,NITROGEN DISSOLVED NITRATE,0,1111CS00,EMS,0
-93507,-55057,NITROGEN DISSOLVED NITRATE,0,1111AISP,EMS,0
-93506,-55043,NITROGEN DISSOLVED NITRATE,MG/L,11112690,EMS,1
-93505,-55036,NITROGEN DISSOLVED NITRATE,UG/G,111115SW,EMS,2
-93504,-55231,NITROGEN DISSOLVED NITRATE,MG/L,1111X327,EMS,1
-93503,-55166,NITROGEN DISSOLVED NITRATE,MG/L,1111X132,EMS,1
-93501,-55109,NITROGEN DISSOLVED NITRATE,MG/L,1111X019,EMS,1
-97503,-57013,NITROGEN DISSOLVED NITRATE,MG/L,T038F034,EMS,1
-93414,-55066,NITROGEN DISSOLVED NO3 & NO2,%,1109CS34,EMS,34
-93413,-55065,NITROGEN DISSOLVED NO3 & NO2,MG/DM2/DAY,1109CS15,EMS,15
-93412,-55064,NITROGEN DISSOLVED NO3 & NO2,UG/G,1109CS02,EMS,2
-93411,-55063,NITROGEN DISSOLVED NO3 & NO2,MG/L,1109CS01,EMS,1
-93410,-57003,NITROGEN DISSOLVED NO3 & NO2,0,1109CS00,EMS,0
-93409,-55057,NITROGEN DISSOLVED NO3 & NO2,0,1109AISP,EMS,0
-93408,-55041,NITROGEN DISSOLVED NO3 & NO2,MG/L,11092670,EMS,1
-93407,-55036,NITROGEN DISSOLVED NO3 & NO2,UG/G,110915SW,EMS,2
-93406,-55029,NITROGEN DISSOLVED NO3 & NO2,MG/L,11091353,EMS,1
-93404,-55180,NITROGEN DISSOLVED NO3 & NO2,MG/L,1109X155,EMS,1
-93403,-55167,NITROGEN DISSOLVED NO3 & NO2,MG/L,1109X133,EMS,1
-93401,-55110,NITROGEN DISSOLVED NO3 & NO2,MG/L,1109X020,EMS,1
1144,10306,NITROGEN DISSOLVED NO3 & NO2,MG/L,1109F046,EMS,1
1110,10251,NITROGEN DISSOLVED NO3 & NO2,MG/L,1109X328,EMS,1
1100,10169,NITROGEN DISSOLVED NO3 & NO2,MG/L,1109X082,EMS,1
7110,239,NITROGEN DISSOLVED NO3 & NO2,MG/L,1109X519,EMS,1
1116,10273,NITROGEN DISSOLVED ORGANIC (CALCD.),MG/L,1112XCAL,EMS,1
444,617,NITROGEN NITRITE,MG/L,1111X044,EMS,1
1099,10168,NITROGEN NITRITE,MG/L,1111X081,EMS,1
1130,10298,NITROGEN TOTAL,MG/L,0114F005,EMS,1
7617,2554,NITROGEN TOTAL,MG/L,1114X520,EMS,1
107192,3438,NITROGEN TOTAL,MG/L,0114F006,EMS,1
107191,3435,NITROGEN TOTAL DISSOLVED,MG/L,1114F006,EMS,1
7655,300,NITROGEN TOTAL DISSOLVED,MG/L,1114X183,EMS,1
7657,2606,NITROGEN TOTAL DISSOLVED,MG/L,1114F003,EMS,1
1117,10273,NITROGEN TOTAL KJELDAHL,MG/L,0113XCAL,EMS,1
-91920,-55066,NITROGEN TOTAL KJELDAHL,%,0113CS34,EMS,34
-91919,-55065,NITROGEN TOTAL KJELDAHL,MG/DM2/DAY,0113CS15,EMS,15
-91918,-55064,NITROGEN TOTAL KJELDAHL,UG/G,0113CS02,EMS,2
-91917,-55063,NITROGEN TOTAL KJELDAHL,MG/L,0113CS01,EMS,1
-91916,-57003,NITROGEN TOTAL KJELDAHL,0,0113CS00,EMS,0
-91915,-55057,NITROGEN TOTAL KJELDAHL,0,0113AISP,EMS,0
-91914,-55040,NITROGEN TOTAL KJELDAHL,MG/L,1132660,EMS,1
-91913,-55030,NITROGEN TOTAL KJELDAHL,MG/L,1131360,EMS,1
-91912,-55233,NITROGEN TOTAL KJELDAHL,MG/L,0113X329,EMS,1
-91911,-55229,NITROGEN TOTAL KJELDAHL,MG/L,0113X325,EMS,1
-91910,-55220,NITROGEN TOTAL KJELDAHL,MG/L,0113X306,EMS,1
-91909,-55200,NITROGEN TOTAL KJELDAHL,UG/G,0113X245,EMS,2
-91908,-55177,NITROGEN TOTAL KJELDAHL,MG/L,0113X150,EMS,1
-91907,-55172,NITROGEN TOTAL KJELDAHL,MG/L,0113X143,EMS,1
-91906,-55165,NITROGEN TOTAL KJELDAHL,MG/L,0113X126,EMS,1
-91905,-55160,NITROGEN TOTAL KJELDAHL,MG/L,0113X108,EMS,1
-91904,-55159,NITROGEN TOTAL KJELDAHL,MG/L,0113X107,EMS,1
-91903,-55154,NITROGEN TOTAL KJELDAHL,MG/L,0113X098,EMS,1
-91902,-55144,NITROGEN TOTAL KJELDAHL,MG/L,0113X075,EMS,1
-91901,-55031,NITROGEN TOTAL KJELDAHL,MG/L,0113136A,EMS,1
-98604,-55206,NITROGEN TOTAL NITRATE,MG/L,1110X257,EMS,1
-98603,-55167,NITROGEN TOTAL NITRATE,MG/L,1110X133,EMS,1
-98602,-57014,NITROGEN TOTAL NITRATE,MG/L,1110X056,EMS,1
-7357,617,NITROGEN TOTAL NITRATE,MG/L,0110X044,EMS,1
1119,10273,NITROGEN TOTAL ORGANIC (CALCD.),MG/L,0112XCAL,EMS,1
-95903,-55051,OCTA_CDD,PG/G,O1017001,EMS,45
-95902,-55050,OCTA_CDD,PG/L,O1017000,EMS,39
-95901,-55205,OCTA_CDD,PG/L,O101X253,EMS,39
-96003,-55051,OCTA_CDF,PG/G,O1027001,EMS,45
-96002,-55050,OCTA_CDF,PG/L,O1027000,EMS,39
-96001,-55205,OCTA_CDF,PG/L,O102X253,EMS,39
-98413,-55240,OIL AND GREASE,MG/L,H-TEX368,EMS,1
-98412,-55241,OIL AND GREASE,MG/L,0003X372,EMS,1
-98411,-55240,OIL AND GREASE,MG/L,0003X368,EMS,1
-98410,-55149,OIL AND GREASE,MG/L,0003X083,EMS,1
-98409,-55137,OIL AND GREASE,MG/L,0003X055,EMS,1
-98408,-55128,OIL AND GREASE,MG/L,0003X046,EMS,1
-98407,-55084,OIL AND GREASE,UG/G,0003FS07,EMS,2
-98406,-55073,OIL AND GREASE,MG/L,0003F020,EMS,1
-98405,-55057,OIL AND GREASE,0,0003AISP,EMS,0
-98404,-55000,OIL AND GREASE,MG/L,31000,EMS,1
-98403,-55014,OIL AND GREASE,%,30991,EMS,34
-98402,-55013,OIL AND GREASE,%(W/W),30990,EMS,12
-98401,-55012,OIL AND GREASE,UG/G,30961,EMS,2
-92013,-55254,OXYGEN BIOCHEMICAL DEMAND,MG/L,0115XCAL,EMS,1
-92012,-55062,OXYGEN BIOCHEMICAL DEMAND,T/DAY,0115CALC,EMS,30
-92011,-55060,OXYGEN BIOCHEMICAL DEMAND,KG/ADT,0115CAL5,EMS,358
-92010,-55023,OXYGEN BIOCHEMICAL DEMAND,MG/L,1151110,EMS,1
-92009,-55022,OXYGEN BIOCHEMICAL DEMAND,MG/L,1151100,EMS,1
-92008,-55266,OXYGEN BIOCHEMICAL DEMAND,MG/L,0115XM10,EMS,1
-92007,-55265,OXYGEN BIOCHEMICAL DEMAND,MG/L,0115XM07,EMS,1
-92006,-55255,OXYGEN BIOCHEMICAL DEMAND,MG/L,0115XCLC,EMS,1
-92005,-55254,OXYGEN BIOCHEMICAL DEMAND,T/DAY,0115XCAL,EMS,30
-92004,-55225,OXYGEN BIOCHEMICAL DEMAND,MG/L,0115X315,EMS,1
-92003,-55169,OXYGEN BIOCHEMICAL DEMAND,MG/L,0115X140,EMS,1
-92002,-55108,OXYGEN BIOCHEMICAL DEMAND,MG/L,0115X018,EMS,1
1090,10127,OXYGEN BIOCHEMICAL DEMAND,MG/L,0115X013,EMS,1
1124,10281,OXYGEN DISSOLVED,MG/L,0014XM01,EMS,1
1124,10281,OXYGEN DISSOLVED,MG/L,DO-FXM01,EMS,1
1064,10025,OXYGEN DISSOLVED,MG/L,0014X047,EMS,1
-91010,-55058,OXYGEN DISSOLVED,%,0014CAL3,EMS,34
-91009,-55273,OXYGEN DISSOLVED,MG/L,0014XP01,EMS,1
-91008,-55266,OXYGEN DISSOLVED,MG/L,0014XM10,EMS,1
-91007,-55265,OXYGEN DISSOLVED,MG/L,0014XM07,EMS,1
-91005,-55260,OXYGEN DISSOLVED,MG/L,0014XH00,EMS,1
-91004,-55254,OXYGEN DISSOLVED,%,0014XCAL,EMS,34
-91002,-55097,OXYGEN DISSOLVED,MG/L,0014X002,EMS,1
-91001,-55096,OXYGEN DISSOLVED,MG/L,0014X001,EMS,1
-102928,-57061,"P,P'-DDD",UG/L,D019F027,EMS,42
-102931,-57061,"P,P'-DDE",UG/L,D028F027,EMS,42
-102929,-57061,"P,P'-DDT",UG/L,D021F027,EMS,42
107962,3529,PALLADIUM DISSOLVED,UG/L,PD-DX556,EMS,42
108693,2005,PALLADIUM TOTAL,UG/L,Pd-T2005,EMS,42
1081,10095,PALUSTRIC ACID,UG/L,FA12F009,EMS,42
-102991,-55283,PARATHION,UG/L,P001F053,EMS,42
-102959,-57063,PARATHION,UG/L,P001-57063,EMS/PESC,42
-96120,-57015,PENTACHLOROPHENOL,UG/G,P022FS11,EMS,2
-96119,-57016,PENTACHLOROPHENOL,UG/G,P022FB07,EMS,44
-96118,-57013,PENTACHLOROPHENOL,MG/L,P022F034,EMS,1
-96117,-57019,PENTACHLOROPHENOL,MG/L,P022F029,EMS,1
-96116,-57022,PENTACHLOROPHENOL,MG/L,P022F028,EMS,1
-96115,-55095,PENTACHLOROPHENOL,MG/L,P022PP11,EMS,1
-96114,-55091,PENTACHLOROPHENOL,UG/G,P022P029,EMS,2
-96113,-55090,PENTACHLOROPHENOL,UG/G,P022P028,EMS,2
-96112,-55089,PENTACHLOROPHENOL,UG/G,P022P027,EMS,2
-96111,-55087,PENTACHLOROPHENOL,MG/L,P022P008,EMS,1
-96110,-57044,PENTACHLOROPHENOL,0,P022ORSP,EMS,0
-96109,-55085,PENTACHLOROPHENOL,MG/L,P022MIMJ,EMS,1
-96108,-55056,PENTACHLOROPHENOL,MG/L,P022AEWA,EMS,1
-96107,-55055,PENTACHLOROPHENOL,UG/G,P022AEMI,EMS,2
-96106,-55054,PENTACHLOROPHENOL,UG/G,P022AEAN,EMS,2
-96105,-55209,PENTACHLOROPHENOL,MG/L,P022X265,EMS,1
-96104,-55204,PENTACHLOROPHENOL,MG/L,P022X251,EMS,1
-96103,-55199,PENTACHLOROPHENOL,UG/G,P022X242,EMS,2
-96102,-55194,PENTACHLOROPHENOL,UG/G WET,P022X219,EMS,44
-96101,-55192,PENTACHLOROPHENOL,UG/G,P022X212,EMS,2
1075,10071,PH,PH UNITS,45065,EMS,5
-90210,-55057,PH,0,0004AISP,EMS,0
-90208,-55273,PH,PH UNITS,0004XP01,EMS,5
-90207,-55272,PH,PH UNITS,0004XM19,EMS,5
-90206,-55269,PH,PH UNITS,0004XM15,EMS,5
-90205,-55266,PH,PH UNITS,0004XM10,EMS,5
-90203,-55260,PH,PH UNITS,0004XH00,EMS,5
-90201,-55098,PH,PH UNITS,0004X003,EMS,5
1111,10253,PH,PH UNITS,0004X330,EMS,5
10301,389,PH,PH UNITS,0004XM30,EMS,5
1123,10280,PH - FIELD,PH UNITS,PH-FXM00,EMS,5
1076,10071,PH(RAIN),PH UNITS,pH--5065,EMS,5
-92206,-55053,PHENOL,MG/L,0117AA02,EMS,1
-92205,-55052,PHENOL,MG/L,0117AA01,EMS,1
-92204,-55008,PHENOL,MG/L,1170550,EMS,1
-92203,-55206,PHENOL,MG/L,0117X257,EMS,1
-92202,-55171,PHENOL,MG/L,0117X142,EMS,1
-92201,-55152,PHENOL,MG/L,0117X094,EMS,1
-102971,-57064,PHOSALONE TOTAL,UG/L,P004-57064,EMS/PESC,42
-102972,-57064,PHOSMET TOTAL,UG/L,P003-57064,EMS/PESC,42
-96302,-55254,PHOSMET TOTAL,PG/L,P040XCAL,EMS,39
-96301,-55205,PHOSMET TOTAL,PG/L,P040X253,EMS,39
15253,617,PHOSPHATE DISSOLVED ORTHO,MG/L,1118X044,EMS,1
-96922,-55057,PHOSPHATE TOTAL,0,P--TAISP,EMS,0
-93612,-55067,PHOSPHORUS DISSOLVED ORTHO,UG/G,1118DI-P,EMS,2
-93611,-55062,PHOSPHORUS DISSOLVED ORTHO,T/DAY,1118CALC,EMS,30
-93610,-55057,PHOSPHORUS DISSOLVED ORTHO,0,1118AISP,EMS,0
-93609,-55044,PHOSPHORUS DISSOLVED ORTHO,MG/L,11182700,EMS,1
-93607,-55254,PHOSPHORUS DISSOLVED ORTHO,T/DAY,1118XCAL,EMS,30
-93606,-55246,PHOSPHORUS DISSOLVED ORTHO,MG/L,1118X453,EMS,1
-93605,-55181,PHOSPHORUS DISSOLVED ORTHO,MG/L,1118X157,EMS,1
-93604,-55153,PHOSPHORUS DISSOLVED ORTHO,MG/L,1118X096,EMS,1
-93603,-55117,PHOSPHORUS DISSOLVED ORTHO,MG/L,1118X030,EMS,1
-93602,-55112,PHOSPHORUS DISSOLVED ORTHO,MG/L,1118X023,EMS,1
1072,10058,PHOSPHORUS DISSOLVED ORTHO,MG/L,11181380,EMS,1
1073,10060,PHOSPHORUS DISSOLVED ORTHO,MG/L,11181420,EMS,1
1174,10319,PHOSPHORUS TOTAL,MG/L,P--TF038,EMS,1
15406,567,PHOSPHORUS TOTAL,MG/L,P--T139A,EMS,1
15413,566,PHOSPHORUS TOTAL,MG/L,P--TAMMO,EMS,1
1313,10297,PHOSPHORUS TOTAL,MG/L,P--TF128,EMS,1
-96921,-55048,PHOSPHORUS TOTAL,MG/M3,P--T5312,EMS,40
-96920,-55045,PHOSPHORUS TOTAL,MG/L,P--T2710,EMS,1
-96918,-55006,PHOSPHORUS TOTAL,UG/G,P--T0196,EMS,2
-96917,-55005,PHOSPHORUS TOTAL,UG/G,P--T0192,EMS,2
-96916,-55004,PHOSPHORUS TOTAL,UG/G,P--T0190,EMS,2
-96915,-55003,PHOSPHORUS TOTAL,MG/L,P--T0042,EMS,1
-96914,-55002,PHOSPHORUS TOTAL,MG/L,P--T0040,EMS,1
-96913,-55001,PHOSPHORUS TOTAL,UG/G,P--T0031,EMS,2
-96912,-55268,PHOSPHORUS TOTAL,MG/L,P--TXM14,EMS,1
-96911,-55254,PHOSPHORUS TOTAL,T/DAY,P--TXCAL,EMS,30
-96910,-55221,PHOSPHORUS TOTAL,MG/L,P--TX307,EMS,1
-96909,-55206,PHOSPHORUS TOTAL,MG/L,P--TX257,EMS,1
-96908,-55201,PHOSPHORUS TOTAL,UG/G,P--TX247,EMS,2
-96907,-55197,PHOSPHORUS TOTAL,MG/L,P--TX238,EMS,1
-96906,-55187,PHOSPHORUS TOTAL,MG/L,P--TX185,EMS,1
-96905,-55184,PHOSPHORUS TOTAL,UG/G,P--TX170,EMS,2
-96904,-55164,PHOSPHORUS TOTAL,MG/L,P--TX125,EMS,1
-96903,-55117,PHOSPHORUS TOTAL,MG/L,P--TX030,EMS,1
-96902,-55114,PHOSPHORUS TOTAL,MG/L,P--TX025,EMS,1
-96901,-55112,PHOSPHORUS TOTAL,MG/L,P--TX023,EMS,1
-96932,-57018,PHOSPHORUS TOTAL,%(V/V),P--TFS13,EMS,12
-96931,-57017,PHOSPHORUS TOTAL,UG/G,P--TFB04,EMS,2
-96929,-55048,PHOSPHORUS TOTAL,UG/M3,P--T5312,EMS,14
-96928,-55253,PHOSPHORUS TOTAL,MG/L,P--TX467,EMS,1
-96927,-55213,PHOSPHORUS TOTAL,MG/L,P--TX285,EMS,1
-96926,-55184,PHOSPHORUS TOTAL,MG/L,P--TX170,EMS,1
-96925,-55082,PHOSPHORUS TOTAL,UG/G,P--TFS01,EMS,2
-96924,-55070,PHOSPHORUS TOTAL,MG/L,P--TF002,EMS,1
-96923,-55062,PHOSPHORUS TOTAL,T/DAY,P--TCALC,EMS,30
-102868,-57058,PHOSPHORUS TOTAL,MG/L,P--TF033,EMS,1
108124,3553,PHOSPHORUS TOTAL,MG/L,P--TF121,EMS,1
108160,3553,PHOSPHORUS TOTAL DISSOLVED,MG/L,P--DF032,EMS,1
-96812,-55253,PHOSPHORUS TOTAL DISSOLVED,MG/L,P--DX467,EMS,1
-96811,-55187,PHOSPHORUS TOTAL DISSOLVED,MG/L,P--DX185,EMS,1
-96810,-55184,PHOSPHORUS TOTAL DISSOLVED,MG/L,P--DX170,EMS,1
-96809,-55070,PHOSPHORUS TOTAL DISSOLVED,MG/L,P--DF002,EMS,1
-96808,-55057,PHOSPHORUS TOTAL DISSOLVED,0,P--DAISP,EMS,0
-96807,-55045,PHOSPHORUS TOTAL DISSOLVED,MG/L,P--D2710,EMS,1
-96805,-55182,PHOSPHORUS TOTAL DISSOLVED,MG/L,P--DX158,EMS,1
-96804,-55164,PHOSPHORUS TOTAL DISSOLVED,MG/L,P--DX125,EMS,1
-96803,-55153,PHOSPHORUS TOTAL DISSOLVED,MG/L,P--DX096,EMS,1
-96802,-55117,PHOSPHORUS TOTAL DISSOLVED,MG/L,P--DX030,EMS,1
-96801,-55112,PHOSPHORUS TOTAL DISSOLVED,MG/L,P--DX023,EMS,1
15102,567,PHOSPHORUS TOTAL DISSOLVED,MG/L,P--D139A,EMS,1
1204,10320,PHOSPHORUS TOTAL DISSOLVED,MG/L,P--DF039,EMS,1
101538,1526,"PHOSPHORUS, EXTRACTABLE",MG/L,P--EF040,EMS,1
-103005,-55283,PICLORAM,UG/L,PICLF052,EMS,42
1078,10095,PIMARIC ACID,UG/L,P025F009,EMS,42
97984,1920,PLATINUM DISSOLVED,UG/L,PT-DX556,EMS,42
107963,3529,PLATINUM DISSOLVED,UG/L,PT-DX556,EMS,42
97600,1917,PLATINUM EXTRACTABLE,UG/L,PT-EX553,EMS,42
108694,2005,PLATINUM TOTAL,UG/L,Pt-T2005,EMS,42
107927,3528,PLATINUM TOTAL,UG/L,PT-TX555,EMS,42
97520,1919,PLATINUM TOTAL,UG/L,PT-TX555,EMS,42
-96206,-55088,POLYCHLORINATED BIPHENYLS,UG/G WET,P023P013,EMS,44
-96205,-55243,POLYCHLORINATED BIPHENYLS,UG/G,P023X383,EMS,2
-96204,-55219,POLYCHLORINATED BIPHENYLS,MG/L,P023X303,EMS,1
-96203,-55199,POLYCHLORINATED BIPHENYLS,UG/G,P023X242,EMS,2
-96202,-55195,POLYCHLORINATED BIPHENYLS,UG/G WET,P023X220,EMS,44
-96201,-55193,POLYCHLORINATED BIPHENYLS,UG/G,P023X213,EMS,2
108153,3553,POTASSIUM DISSOLVED,MG/L,K--DF032,EMS,1
1181,10320,POTASSIUM DISSOLVED,MG/L,K--DF039,EMS,1
19103,445,POTASSIUM DISSOLVED,MG/L,K--DX159,EMS,1
19301,1058,POTASSIUM EXTRACTABLE,MG/L,K--EX515,EMS,1
19321,1526,POTASSIUM EXTRACTABLE,MG/L,K--EF040,EMS,1
1142,10301,POTASSIUM EXTRACTABLE,MG/L,K--EF055,EMS,1
101554,1526,POTASSIUM EXTRACTABLE,MG/L,K--EF040,EMS,1
108084,3553,POTASSIUM TOTAL,MG/L,K--TF121,EMS,1
108683,2005,POTASSIUM TOTAL,UG/L,K--T2005,EMS,1
1171,10319,POTASSIUM TOTAL,MG/L,K--TF038,EMS,1
-102894,-57058,POTASSIUM TOTAL,MG/L,K--TF033,EMS,1
-92915,-57009,PRODUCTION,ADT/DAY,0470X473,EMS,369
-92914,-55274,PRODUCTION,T,0470XRPR,EMS,29
-92913,-55252,PRODUCTION,ADT/DAY,0470X464,EMS,369
-92912,-55251,PRODUCTION,ADT/DAY,0470X463,EMS,369
-92911,-55123,PRODUCTION,ADT/DAY,0470X037,EMS,369
-92910,-55105,PRODUCTION,ADT/DAY,0470X014,EMS,369
-92909,-55255,PRODUCTION,ADT/DAY,0470XCLC,EMS,369
-92908,-55251,PRODUCTION,ADT/DAY,0470X463,EMS,46
-92907,-55215,PRODUCTION,M3/DAY,0470X293,EMS,35
-92906,-55207,PRODUCTION,T/DAY,0470X259,EMS,30
-92905,-55134,PRODUCTION,T/DAY,0470X052,EMS,30
-92904,-55133,PRODUCTION,ADT/DAY,0470X051,EMS,369
-92903,-55123,PRODUCTION,T/DAY,0470X037,EMS,30
-92902,-55105,PRODUCTION,T/DAY,0470X014,EMS,30
-92901,-55098,PRODUCTION,T/DAY,0470X003,EMS,30
-102946,-57062,PROPAZINE,UG/L,P015-57062,EMS/PESC,42
-102992,-55285,PROPAZINE,UG/L,P015F056,EMS,42
-151,-2654,PUMPING RATE,L/S,PVOLP794,EMS,265
-102973,-57064,QUINTOZENE,UG/L,Q001-57064,EMS/PESC,42
1068,10042,RESIDUE FILTERABLE,MG/L,71032,EMS,1
-90410,-55254,RESIDUE FILTERABLE,MG/L,0007XCAL,EMS,1
-90409,-55066,RESIDUE FILTERABLE,%,0007CS34,EMS,34
-90408,-55065,RESIDUE FILTERABLE,MG/DM2/DAY,0007CS15,EMS,15
-90407,-55064,RESIDUE FILTERABLE,UG/G,0007CS02,EMS,2
-90406,-55063,RESIDUE FILTERABLE,MG/L,0007CS01,EMS,1
-90405,-57003,RESIDUE FILTERABLE,0,0007CS00,EMS,0
-90403,-55126,RESIDUE FILTERABLE,MG/L,0007X043,EMS,1
-90402,-55115,RESIDUE FILTERABLE,MG/L,0007X026,EMS,1
1093,10130,RESIDUE FILTERABLE,MG/L,0007X017,EMS,1
10451,404,RESIDUE FILTERABLE,MG/L,0007X518,EMS,1
10551,420,RESIDUE FIXED FILTERABLE,MG/L,RF-FF012,EMS,1
10501,411,RESIDUE FIXED NONFILTRABLE,MG/L,0009F012,EMS,1
-90612,-57012,RESIDUE FIXED NONFILTRABLE,MG/L,0009F041,EMS,1
-90610,-55066,RESIDUE FIXED NONFILTRABLE,%,0009CS34,EMS,34
-90609,-55065,RESIDUE FIXED NONFILTRABLE,MG/DM2/DAY,0009CS15,EMS,15
-90608,-55064,RESIDUE FIXED NONFILTRABLE,UG/G,0009CS02,EMS,2
-90607,-55063,RESIDUE FIXED NONFILTRABLE,MG/L,0009CS01,EMS,1
-90606,-57003,RESIDUE FIXED NONFILTRABLE,0,0009CS00,EMS,0
-90605,-55018,RESIDUE FIXED NONFILTRABLE,MG/L,91050,EMS,1
-90604,-55017,RESIDUE FIXED NONFILTRABLE,MG/L,91040,EMS,1
-90603,-55237,RESIDUE FIXED NONFILTRABLE,MG/L,0009X337,EMS,1
-90602,-55146,RESIDUE FIXED NONFILTRABLE,MG/L,0009X080,EMS,1
-90601,-55145,RESIDUE FIXED NONFILTRABLE,MG/L,0009X079,EMS,1
-90523,-55254,RESIDUE NONFILTRABLE,MG/L,0008XCAL,EMS,1
-90522,-55066,RESIDUE NONFILTRABLE,%,0008CS34,EMS,34
-90521,-55065,RESIDUE NONFILTRABLE,MG/DM2/DAY,0008CS15,EMS,15
-90520,-55064,RESIDUE NONFILTRABLE,UG/G,0008CS02,EMS,2
-90519,-55063,RESIDUE NONFILTRABLE,MG/L,0008CS01,EMS,1
-90518,-57003,RESIDUE NONFILTRABLE,0,0008CS00,EMS,0
-90517,-55062,RESIDUE NONFILTRABLE,T/DAY,0008CALC,EMS,30
-90516,-55060,RESIDUE NONFILTRABLE,KG/ADT,0008CAL5,EMS,358
-90513,-55255,RESIDUE NONFILTRABLE,MG/L,0008XCLC,EMS,1
-90512,-55254,RESIDUE NONFILTRABLE,T/DAY,0008XCAL,EMS,30
-90511,-55235,RESIDUE NONFILTRABLE,MG/L,0008X332,EMS,1
-90510,-55190,RESIDUE NONFILTRABLE,MG/L,0008X199,EMS,1
-90509,-55170,RESIDUE NONFILTRABLE,MG/L,0008X141,EMS,1
-90508,-55155,RESIDUE NONFILTRABLE,MG/L,0008X101,EMS,1
-90507,-55131,RESIDUE NONFILTRABLE,MG/L,0008X049,EMS,1
-90506,-55130,RESIDUE NONFILTRABLE,MG/L,0008X048,EMS,1
-90505,-55121,RESIDUE NONFILTRABLE,MG/L,0008X035,EMS,1
-90504,-55115,RESIDUE NONFILTRABLE,MG/L,0008X026,EMS,1
-90503,-55113,RESIDUE NONFILTRABLE,MG/L,0008X024,EMS,1
-90502,-55107,RESIDUE NONFILTRABLE,MG/L,0008X017,EMS,1
-90501,-55102,RESIDUE NONFILTRABLE,MG/L,0008X011,EMS,1
10401,396,RESIDUE NONFILTRABLE,MG/L,0008F043,EMS,1
1145,10310,RESIDUE NONFILTRABLE,MG/L,0008F042,EMS,1
1069,10045,RESIDUE NONFILTRABLE,MG/L,81070,EMS,1
1070,10046,RESIDUE NONFILTRABLE,MG/L,81071,EMS,1
-90310,-55130,RESIDUE TOTAL,MG/L,0005X048,EMS,1
-90309,-55066,RESIDUE TOTAL,%,0005CS34,EMS,34
-90308,-55065,RESIDUE TOTAL,MG/DM2/DAY,0005CS15,EMS,15
-90307,-55064,RESIDUE TOTAL,UG/G,0005CS02,EMS,2
-90306,-55063,RESIDUE TOTAL,MG/L,0005CS01,EMS,1
-90305,-57003,RESIDUE TOTAL,0,0005CS00,EMS,0
-90304,-55236,RESIDUE TOTAL,MG/L,0005X333,EMS,1
-90303,-55196,RESIDUE TOTAL,MG/L,0005X237,EMS,1
-90301,-55102,RESIDUE TOTAL,MG/L,0005X011,EMS,1
1098,10147,RESIDUE TOTAL,MG/L,0005X042,EMS,1
1118,10273,RESIDUE VOLATILE NONFILTRABLE,MG/L,0010XCAL,EMS,1
-90715,-55185,RESIDUE VOLATILE NONFILTRABLE,MG/L,0010X175,EMS,1
-90714,-55066,RESIDUE VOLATILE NONFILTRABLE,%,0010CS34,EMS,34
-90713,-55065,RESIDUE VOLATILE NONFILTRABLE,MG/DM2/DAY,0010CS15,EMS,15
-90712,-55064,RESIDUE VOLATILE NONFILTRABLE,UG/G,0010CS02,EMS,2
-90711,-55063,RESIDUE VOLATILE NONFILTRABLE,MG/L,0010CS01,EMS,1
-90710,-57003,RESIDUE VOLATILE NONFILTRABLE,0,0010CS00,EMS,0
-90709,-55062,RESIDUE VOLATILE NONFILTRABLE,T/DAY,0010CALC,EMS,30
-90708,-55018,RESIDUE VOLATILE NONFILTRABLE,MG/L,101050,EMS,1
-90707,-55254,RESIDUE VOLATILE NONFILTRABLE,T/DAY,0010XCAL,EMS,30
-90706,-55237,RESIDUE VOLATILE NONFILTRABLE,MG/L,0010X337,EMS,1
-90705,-55151,RESIDUE VOLATILE NONFILTRABLE,MG/L,0010X087,EMS,1
-90704,-55131,RESIDUE VOLATILE NONFILTRABLE,MG/L,0010X049,EMS,1
-90703,-55130,RESIDUE VOLATILE NONFILTRABLE,MG/L,0010X048,EMS,1
-90702,-55122,RESIDUE VOLATILE NONFILTRABLE,MG/L,0010X036,EMS,1
-90701,-55103,RESIDUE VOLATILE NONFILTRABLE,MG/L,0010X012,EMS,1
-91512,-57004,RESIDUE VOLATILE TOTAL,MG/L,321940,EMS,1
-91511,-55196,RESIDUE VOLATILE TOTAL,%(W/W),0032X237,EMS,12
-91510,-55185,RESIDUE VOLATILE TOTAL,%,0032X175,EMS,34
-91509,-55066,RESIDUE VOLATILE TOTAL,%,0032CS34,EMS,34
-91508,-55065,RESIDUE VOLATILE TOTAL,MG/DM2/DAY,0032CS15,EMS,15
-91507,-55064,RESIDUE VOLATILE TOTAL,UG/G,0032CS02,EMS,2
-91506,-55063,RESIDUE VOLATILE TOTAL,MG/L,0032CS01,EMS,1
-91505,-57003,RESIDUE VOLATILE TOTAL,0,0032CS00,EMS,0
-91504,-55009,RESIDUE VOLATILE TOTAL,%(W/W),320750,EMS,12
-91503,-55185,RESIDUE VOLATILE TOTAL,MG/L,0032X175,EMS,1
-91502,-55151,RESIDUE VOLATILE TOTAL,%,0032X087,EMS,34
-91501,-55130,RESIDUE VOLATILE TOTAL,%,0032X048,EMS,34
-92505,-55268,RESIN ACID SOAPS,MG/L,0128XM14,EMS,1
-92504,-55247,RESIN ACID SOAPS,MG/L,0128X454,EMS,1
-92503,-55242,RESIN ACID SOAPS,MG/L,0128X380,EMS,1
-92502,-55206,RESIN ACID SOAPS,MG/L,0128X257,EMS,1
-92501,-55198,RESIN ACID SOAPS,MG/L,0128X239,EMS,1
97985,1920,RUBIDIUM DISSOLVED,UG/L,RB-DX556,EMS,42
107964,3529,RUBIDIUM DISSOLVED,UG/L,RB-DX556,EMS,42
100487,-50137,RUBIDIUM EXTRACTABLE,UG/L,RB-EF047,EMS,42
97601,1917,RUBIDIUM EXTRACTABLE,UG/L,RB-EX553,EMS,42
107928,3528,RUBIDIUM TOTAL,UG/L,RB-TX555,EMS,42
108695,2005,RUBIDIUM TOTAL,UG/L,Rb-T2005,EMS,42
97670,1915,RUBIDIUM TOTAL,MG/KG,RB-TX551,EMS,310
97521,1919,RUBIDIUM TOTAL,UG/L,RB-TX555,EMS,42
97636,1916,RUBIDIUM TOTAL,MG/KG,RB-TX552,EMS,310
-102865,-57055,SALINITY,PPT,0130F011,EMS,21
1318,10353,SALINITY,PPT,1301130,EMS,21
108946,3612,SALINITY,,0130SBCM,EMS,999
1077,10095,SANDARACOPIMARIC ACID,UG/L,S006F009,EMS,42
108698,2005,SCANDIUM TOTAL,UG/L,Sc-T2005,EMS,42
1190,10320,SELENIUM DISSOLVED,MG/L,SE-DF039,EMS,1
1216,10347,SELENIUM DISSOLVED,UG/L,SE-DF068,EMS,42
97987,1920,SELENIUM DISSOLVED,UG/L,SE-DX556,EMS,42
108164,3553,SELENIUM DISSOLVED,MG/L,SE-DF032,EMS,1
107966,3529,SELENIUM DISSOLVED,UG/L,SE-DX556,EMS,42
100254,2641,SELENIUM DISSOLVED,MG/L,SE-DF037,EMS,1
101537,1526,SELENIUM EXTRACTABLE,MG/L,SE-EF040,EMS,1
97603,1917,SELENIUM EXTRACTABLE,UG/L,SE-EX553,EMS,42
34302,1399,SELENIUM EXTRACTABLE,MG/L,SE-EX129,EMS,1
34008,1367,SELENIUM TOTAL,MG/L,SE-TF037,SEAM,1
1308,10356,SELENIUM TOTAL,MG/L,SE-TF033,EMS,1
97638,1916,SELENIUM TOTAL,MG/KG,AG-TX552,EMS,310
97638,1916,SELENIUM TOTAL,MG/KG,SE-TX552,EMS,310
97523,1919,SELENIUM TOTAL,UG/L,SE-TX555,EMS,42
97672,1915,SELENIUM TOTAL,MG/KG,SE-TX551,EMS,310
1241,10347,SELENIUM TOTAL,UG/L,SE-TF068,EMS,42
1149,10319,SELENIUM TOTAL,MG/L,SE-TF038,EMS,1
100251,2640,SELENIUM TOTAL,MG/L,SE-TF037,EMS,1
107930,3528,SELENIUM TOTAL,UG/L,SE-TX555,EMS,42
108127,3553,SELENIUM TOTAL,MG/L,SE-TF121,EMS,1
108699,2005,SELENIUM TOTAL,UG/L,Se-T2005,EMS,42
103469,1516,SILICA DISSOLVED,MG/L,SI-DX511,EMS,1
201849,1526,SILICA EXTRACTABLE,MG/L,SI-EF040,EMS,1
108324,3564,SILICA REACTIVE,MG/L,1120X160,EMS,1
14105,512,SILICA REACTIVE,MG/L,1120X535,EMS,1
1175,10320,SILICON DISSOLVED,MG/L,SI-DF039,EMS,1
108166,3553,SILICON DISSOLVED,MG/L,SI-DF032,EMS,1
1140,10301,SILICON EXTRACTABLE,MG/L,SI-EF055,EMS,1
108097,3553,SILICON TOTAL,MG/L,SI-TF121,EMS,1
1168,10319,SILICON TOTAL,MG/L,SI-TF038,EMS,1
1290,10356,SILICON TOTAL,MG/L,SI-TF033,EMS,1
1203,10320,SILVER DISSOLVED,MG/L,AG-DF039,EMS,1
1215,10347,SILVER DISSOLVED,UG/L,AG-DF068,EMS,42
97962,1920,SILVER DISSOLVED,UG/L,AG-DX556,EMS,42
107940,3529,SILVER DISSOLVED,UG/L,AG-DX556,EMS,42
108139,3553,SILVER DISSOLVED,MG/L,AG-DF032,EMS,1
100248,2638,SILVER EXTRACTABLE,MG/L,AG-EX526,EMS,1
100490,-50140,SILVER EXTRACTABLE,UG/L,AG-EF047,EMS,42
101541,1526,SILVER EXTRACTABLE,MG/L,AG-EF040,EMS,1
97578,1917,SILVER EXTRACTABLE,UG/L,AG-EX553,EMS,42
47302,1482,SILVER EXTRACTABLE,MG/L,AG-EX527,EMS,1
1293,10356,SILVER TOTAL,MG/L,AG-TF033,EMS,1
97648,1915,SILVER TOTAL,MG/KG,AG-TX551,EMS,310
97997,1919,SILVER TOTAL,UG/L,AG-TX555,EMS,42
1165,10319,SILVER TOTAL,MG/L,AG-TF038,EMS,1
1256,10347,SILVER TOTAL,UG/L,AG-TF068,EMS,42
107904,3528,SILVER TOTAL,UG/L,AG-TX555,EMS,42
100324,2650,SILVER TOTAL,MG/L,AG-TF048,EMS,1
108108,3553,SILVER TOTAL,MG/L,AG-TF121,EMS,1
108664,2005,SILVER TOTAL,UG/L,Ag-T2005,EMS,42
-102947,-57062,SIMAZINE,UG/L,S001-57062,EMS/PESC,42
-102993,-55285,SIMAZINE,UG/L,S001F056,EMS,42
108158,3553,SODIUM DISSOLVED,MG/L,NA-DF032,EMS,1
1178,10320,SODIUM DISSOLVED,MG/L,NA-DF039,EMS,1
11103,445,SODIUM DISSOLVED,MG/L,NA-DX159,EMS,1
-95808,-55057,SODIUM DISSOLVED,0,NA-DAISP,EMS,0
-95807,-55239,SODIUM DISSOLVED,MG/L,NA-DX350,EMS,1
-95806,-55191,SODIUM DISSOLVED,MG/L,NA-DX203,EMS,1
-95805,-55184,SODIUM DISSOLVED,MG/L,NA-DX170,EMS,1
-95804,-55183,SODIUM DISSOLVED,MG/L,NA-DX159,EMS,1
-95803,-55163,SODIUM DISSOLVED,MG/L,NA-DX124,EMS,1
-95802,-55150,SODIUM DISSOLVED,MG/L,NA-DX085,EMS,1
-95801,-55135,SODIUM DISSOLVED,MG/L,NA-DX053,EMS,1
11321,1526,SODIUM EXTRACTABLE,MG/L,NA-EF040,EMS,1
1139,10301,SODIUM EXTRACTABLE,MG/L,NA-EF055,EMS,1
108089,3553,SODIUM TOTAL,MG/L,NA-TF121,EMS,1
108689,2005,SODIUM TOTAL,UG/L,Na-T2005,EMS,1
1170,10319,SODIUM TOTAL,MG/L,NA-TF038,EMS,1
-102893,-57058,SODIUM TOTAL,MG/L,NA-TF033,EMS,1
-91404,-55196,SOLIDS TOTAL,MG/L,0028X237,EMS,1
-91403,-55140,SOLIDS TOTAL,MG/L,0028X062,EMS,1
-91402,-55130,SOLIDS TOTAL,MG/L,0028X048,EMS,1
-91401,-55107,SOLIDS TOTAL,MG/L,0028X017,EMS,1
-91307,-57002,"SOLIDS, SETTLEABLE",MG/L,0023F036,EMS,1
-91306,-55132,"SOLIDS, SETTLEABLE",%(V/V),0023X050,EMS,11
-91305,-55061,"SOLIDS, SETTLEABLE",%(W/W),0023CAL7,EMS,12
-91304,-55015,"SOLIDS, SETTLEABLE",ML/L,231010,EMS,10
-91303,-55212,"SOLIDS, SETTLEABLE",MG/L,0023X279,EMS,1
-91302,-55133,"SOLIDS, SETTLEABLE",MG/L,0023X051,EMS,1
-91301,-55132,"SOLIDS, SETTLEABLE",MG/L,0023X050,EMS,1
2041,32,SPECIFIC CONDUCTANCE,USIE/CM,0011X330,EMS,4
1126,10285,SPECIFIC CONDUCTANCE,USIE/CM,0011XM10,EMS,4
-90808,-55057,SPECIFIC CONDUCTANCE,0,0011AISP,EMS,0
-90807,-55025,SPECIFIC CONDUCTANCE,USIE/CM,111171,EMS,4
-90806,-55024,SPECIFIC CONDUCTANCE,USIE/CM,111170,EMS,4
-90804,-55262,SPECIFIC CONDUCTANCE,USIE/CM,0011XM01,EMS,4
-90802,-55260,SPECIFIC CONDUCTANCE,USIE/CM,0011XH00,EMS,4
-90801,-55228,SPECIFIC CONDUCTANCE,UMHO/CM,0011X322,EMS,228
1122,10280,SPECIFIC CONDUCTANCE - FIELD,USIE/CM,SC-FXM00,EMS,4
1188,10320,STRONTIUM DISSOLVED,MG/L,SR-DF039,EMS,1
1214,10347,STRONTIUM DISSOLVED,UG/L,SR-DF068,EMS,42
97989,1920,STRONTIUM DISSOLVED,UG/L,SR-DX556,EMS,42
108167,3553,STRONTIUM DISSOLVED,MG/L,SR-DF032,EMS,1
107968,3529,STRONTIUM DISSOLVED,UG/L,SR-DX556,EMS,42
100488,-50138,STRONTIUM EXTRACTABLE,UG/L,SR-EF047,EMS,42
97605,1917,STRONTIUM EXTRACTABLE,UG/L,SR-EX553,EMS,42
38321,1526,STRONTIUM EXTRACTABLE,MG/L,SR-EF040,EMS,1
38009,1502,STRONTIUM TOTAL,MG/L,SR-T0040,EMS,1
1299,10356,STRONTIUM TOTAL,MG/L,SR-TF033,EMS,1
97640,1916,STRONTIUM TOTAL,MG/KG,SR-TX552,EMS,310
97534,1915,STRONTIUM TOTAL,MG/KG,SR-TX551,EMS,310
97525,1919,STRONTIUM TOTAL,UG/L,SR-TX555,EMS,42
100229,2634,STRONTIUM TOTAL,MG/L,SR-TF048,EMS,1
1159,10319,STRONTIUM TOTAL,MG/L,SR-TF038,EMS,1
1239,10347,STRONTIUM TOTAL,UG/L,SR-TF068,EMS,42
107932,3528,STRONTIUM TOTAL,UG/L,SR-TX555,EMS,42
108129,3553,STRONTIUM TOTAL,MG/L,SR-TF121,EMS,1
108701,2005,STRONTIUM TOTAL,UG/L,Sr-T2005,EMS,42
1312,10363,SULPHATE DISSOLVED,MG/L,1121X058,EMS,1
16306,615,SULPHATE DISSOLVED,MG/L,11211400,EMS,1
16307,615,SULPHATE DISSOLVED,MG/L,11211400,SEAM,1
16309,617,SULPHATE DISSOLVED,MG/L,1121X044,EMS,1
-92410,-55074,SULPHIDE TOTAL,MG/L,0125F022,EMS,1
-92409,-55057,SULPHIDE TOTAL,0,0125AISP,EMS,0
-92408,-55034,SULPHIDE TOTAL,MG/L,1251410,EMS,1
-92407,-55021,SULPHIDE TOTAL,MG/L,1251075,EMS,1
-92406,-55238,SULPHIDE TOTAL,MG/L,0125X340,EMS,1
-92405,-55216,SULPHIDE TOTAL,MG/L,0125X294,EMS,1
-92404,-55211,SULPHIDE TOTAL,MG/L,0125X275,EMS,1
-92403,-55206,SULPHIDE TOTAL,MG/L,0125X257,EMS,1
-92402,-55118,SULPHIDE TOTAL,MG/L,0125X031,EMS,1
-92401,-55115,SULPHIDE TOTAL,%(W/W),0125X026,EMS,12
108093,3553,SULPHUR DISSOLVED,MG/L,S--TF121,EMS,1
1176,10320,SULPHUR DISSOLVED,MG/L,S--DF039,EMS,1
200014,1526,SULPHUR EXTRACTABLE,MG/L,S--EF040,EMS,1
108162,3553,SULPHUR TOTAL,MG/L,S--DF032,EMS,1
1169,10319,SULPHUR TOTAL,MG/L,S--TF038,EMS,1
1105,10204,SULPHUR TOTAL,MG/L,S--TX170,EMS,1
-102892,-57058,SULPHUR TOTAL,MG/L,S--TF033,EMS,1
101403,2790,TANNIN AND LIGNIN LIG. SULPH.,MG/L,1230951,EMS,1
101403,2790,TANNIN AND LIGNIN LIG. SULPH.,MG/L,0123X120,EMS,1
108168,3553,TELLURIUM DISSOLVED,MG/L,TE-DF032,EMS,1
108702,2005,TELLURIUM TOTAL,UG/L,Te-T2005,EMS,42
108130,3553,TELLURIUM TOTAL,MG/L,TE-TF121,EMS,1
-90910,-55234,TEMPERATURE,DEG C,0013X330,EMS,32
-90909,-55275,TEMPERATURE,DEG C,0013XT01,EMS,32
-90908,-55272,TEMPERATURE,DEG C,0013XM19,EMS,32
-90906,-55269,TEMPERATURE,DEG C,0013XM15,EMS,32
-90905,-55265,TEMPERATURE,DEG C,0013XM07,EMS,32
-90903,-55262,TEMPERATURE,DEG C,0013XM01,EMS,32
-90902,-55260,TEMPERATURE,DEG C,0013XH00,EMS,32
-90901,-55165,TEMPERATURE,DEG C,0013X126,EMS,32
97060,2182,TEMPERATURE AIR,DEG C,0020XM02,EMS,32
2061,38,TEMPERATURE WATER,DEG C,0013XM16,EMS,32
1125,10282,TEMPERATURE WATER,DEG C,TEMFXM02,EMS,32
2055,2097,TEMPERATURE WATER (FIELD),DEG C,0013XM02,EMS,32
-102974,-57064,TERBUFOS,UG/L,T008-57064,EMS/PESC,42
1260,10350,TETRACHLOROETHYLENE,UG/L,T030F007,EMS,42
1213,10347,THALLIUM DISSOLVED,UG/L,TL-DF068,EMS,42
97991,1920,THALLIUM DISSOLVED,UG/L,TL-DX556,EMS,42
108171,3553,THALLIUM DISSOLVED,MG/L,TL-DF032,EMS,1
107970,3529,THALLIUM DISSOLVED,UG/L,TL-DX556,EMS,42
100495,-50145,THALLIUM EXTRACTABLE,UG/L,TL-EF047,EMS,42
97607,1917,THALLIUM EXTRACTABLE,UG/L,TL-EX553,EMS,42
97641,1916,THALLIUM TOTAL,MG/KG,TL-TX552,EMS,310
97527,1919,THALLIUM TOTAL,UG/L,TL-TX555,EMS,42
97535,1915,THALLIUM TOTAL,MG/KG,TL-TX551,EMS,310
1285,10356,THALLIUM TOTAL,MG/L,TL-TF033,EMS,1
2761,2611,THALLIUM TOTAL,MG/L,TL-T0040,EMS,1
81107,2559,THALLIUM TOTAL,MG/L,TL-TX349,EMS,1
1238,10347,THALLIUM TOTAL,UG/L,TL-TF068,EMS,42
107934,3528,THALLIUM TOTAL,UG/L,TL-TX555,EMS,42
108133,3553,THALLIUM TOTAL,MG/L,TL-TF121,EMS,1
108704,2005,THALLIUM TOTAL,UG/L,Tl-T2005,EMS,42
108169,3553,THORIUM DISSOLVED,MG/L,TH-DF032,EMS,1
108131,3553,THORIUM TOTAL,MG/L,TH-TF121,EMS,1
107967,3529,TIN DISSOLVED,UG/L,SN-DX556,EMS,42
108165,3553,TIN DISSOLVED,MG/L,SN-DF032,EMS,1
1212,10347,TIN DISSOLVED,UG/L,SN-DF068,EMS,42
1187,10320,TIN DISSOLVED,MG/L,SN-DF039,EMS,1
97988,1920,TIN DISSOLVED,UG/L,NB-DX556,EMS,42
97604,1917,TIN EXTRACTABLE,UG/L,SN-EX553,EMS,42
101540,1526,TIN EXTRACTABLE,MG/L,SN-EF040,EMS,1
107931,3528,TIN TOTAL,UG/L,SN-TX555,EMS,42
108128,3553,TIN TOTAL,MG/L,SN-TF121,EMS,1
108700,2005,TIN TOTAL,UG/L,Sn-T2005,EMS,42
97639,1916,TIN TOTAL,MG/KG,SN-TX552,EMS,310
97524,1919,TIN TOTAL,UG/L,SN-TX555,EMS,42
97533,1915,TIN TOTAL,MG/KG,SN-TX551,EMS,310
1309,10356,TIN TOTAL,MG/L,SN-TF033,EMS,1
1240,10347,TIN TOTAL,UG/L,SN-TF068,EMS,42
1148,10319,TIN TOTAL,MG/L,SN-TF038,EMS,1
107969,3529,TITANIUM DISSOLVED,UG/L,TI-DX556,EMS,42
108170,3553,TITANIUM DISSOLVED,MG/L,TI-DF032,EMS,1
1186,10320,TITANIUM DISSOLVED,MG/L,TI-DF039,EMS,1
97990,1920,TITANIUM DISSOLVED,UG/L,TI-DX556,EMS,42
101539,1526,TITANIUM EXTRACTABLE,MG/L,TI-EF040,EMS,1
108132,3553,TITANIUM TOTAL,MG/L,TI-TF121,EMS,1
108703,2005,TITANIUM TOTAL,UG/L,Ti-T2005,EMS,42
1291,10356,TITANIUM TOTAL,MG/L,TI-TF033,EMS,1
1167,10319,TITANIUM TOTAL,MG/L,TI-TF038,EMS,1
-102867,-57056,TOTAL DISSOLVED SOLIDS,MG/L,7920007,EMS,1
-98203,-55051,TOTAL_HEPTA_CDD,PG/G,H0147001,EMS,45
-98202,-55050,TOTAL_HEPTA_CDD,PG/L,H0147000,EMS,39
-98201,-55205,TOTAL_HEPTA_CDD,PG/L,H014X253,EMS,39
-95303,-55051,TOTAL_HEPTA_CDF,PG/G,H0217001,EMS,45
-95302,-55050,TOTAL_HEPTA_CDF,PG/L,H0217000,EMS,39
-95301,-55205,TOTAL_HEPTA_CDF,PG/L,H021X253,EMS,39
-94203,-55051,TOTAL_HEXA_CDD,PG/G,H0107001,EMS,45
-94202,-55050,TOTAL_HEXA_CDD,PG/L,H0107000,EMS,39
-94201,-55205,TOTAL_HEXA_CDD,PG/L,H010X253,EMS,39
-94803,-55051,TOTAL_HEXA_CDF,PG/G,H0167001,EMS,45
-94802,-55050,TOTAL_HEXA_CDF,PG/L,H0167000,EMS,39
-94801,-55205,TOTAL_HEXA_CDF,PG/L,H016X253,EMS,39
-96403,-55051,TOTAL_PENTA_CDD,PG/G,P0417001,EMS,45
-96402,-55050,TOTAL_PENTA_CDD,PG/L,P0417000,EMS,39
-96401,-55205,TOTAL_PENTA_CDD,PG/L,P041X253,EMS,39
-96503,-55051,TOTAL_PENTA_CDF,PG/G,P0427001,EMS,45
-96502,-55050,TOTAL_PENTA_CDF,PG/L,P0427000,EMS,39
-96501,-55205,TOTAL_PENTA_CDF,PG/L,P042X253,EMS,39
-97603,-55051,TOTAL_TETRA_CDD,PG/G,T0607001,EMS,45
-97602,-55050,TOTAL_TETRA_CDD,PG/L,T0607000,EMS,39
-97601,-55205,TOTAL_TETRA_CDD,PG/L,T060X253,EMS,39
-97803,-55051,TOTAL_TETRA_CDF,PG/G,T0627001,EMS,45
-97802,-55050,TOTAL_TETRA_CDF,PG/L,T0627000,EMS,39
-97801,-55205,TOTAL_TETRA_CDF,PG/L,T062X253,EMS,39
1261,10350,TRICHLOROETHYLENE,UG/L,T029F007,EMS,42
1259,10350,TRICHLOROFLUOROMETHANE,UG/L,T070F007,EMS,42
-103006,-55283,TRICLOPYR,UG/L,T031F052,EMS,42
-102975,-57064,TRIFLURALIN,UG/L,T015-57064,EMS/PESC,42
-103008,-55284,TRIPHENYL PHOSPHATE SURROGATE,%,T084F053,EMS,34
-103008,-55284,TRIPHENYL PHOSPHATE SURROGATE,%,T084F056,EMS,34
-103000,-55283,TRIPHENYL PHOSPHATE SURROGATE,UG/L,T084F052,EMS,42
97994,1920,TUNGSTEN DISSOLVED,UG/L,W--DX556,EMS,42
108174,3553,TUNGSTEN DISSOLVED,MG/L,W--DF032,EMS,1
107973,3529,TUNGSTEN DISSOLVED,UG/L,W--DX556,EMS,42
97610,1917,TUNGSTEN EXTRACTABLE,UG/L,W--EX553,EMS,42
108707,2005,TUNGSTEN TOTAL,UG/L,W--T2005,EMS,42
107937,3528,TUNGSTEN TOTAL,UG/L,W--TX555,EMS,42
108136,3553,TUNGSTEN TOTAL,MG/L,W--TF121,EMS,1
97530,1919,TUNGSTEN TOTAL,UG/L,W--TX555,EMS,42
1283,10355,TURBIDITY,NTU,TURFXM12,EMS,7
1062,10000,TURBIDITY,NTU,0015XM08,EMS,7
2074,47,TURBIDITY,NTU,151140,EMS,7
97992,1920,URANIUM DISSOLVED,UG/L,U--DX556,EMS,42
1211,10347,URANIUM DISSOLVED,UG/L,U--DF068,EMS,42
108172,3553,URANIUM DISSOLVED,MG/L,U--DF032,EMS,1
107971,3529,URANIUM DISSOLVED,UG/L,U--DX556,EMS,42
97608,1917,URANIUM EXTRACTABLE,UG/L,U--EX553,EMS,42
100498,-50148,URANIUM EXTRACTABLE,UG/L,U--EF047,EMS,42
1237,10347,URANIUM TOTAL,UG/L,U--TF068,EMS,42
97642,1916,URANIUM TOTAL,MG/KG,U--TX552,EMS,310
97536,1915,URANIUM TOTAL,MG/KG,U--TX551,EMS,310
97528,1919,URANIUM TOTAL,UG/L,U--TX555,EMS,42
1288,10356,URANIUM TOTAL,MG/L,U--TF033,EMS,1
108134,3553,URANIUM TOTAL,MG/L,U--TF121,EMS,1
107935,3528,URANIUM TOTAL,UG/L,U--TX555,EMS,42
108705,2005,URANIUM TOTAL,UG/L,U--T2005,EMS,42
1138,10300,UV ABSORBANCE 250nm,AV/CM,UV01F126,EMS,63
1137,10300,UV ABSORBANCE 254nm,AV/CM,UV02F126,EMS,63
1136,10300,UV ABSORBANCE 310nm,AV/CM,UV03F126,EMS,63
1135,10300,UV ABSORBANCE 340nm,AV/CM,UV04F126,EMS,63
1134,10300,UV ABSORBANCE 360nm,AV/CM,UV05F126,EMS,63
1133,10300,UV ABSORBANCE 365nm,AV/CM,UV06F126,EMS,63
1210,10347,VANADIUM DISSOLVED,UG/L,V--DF068,EMS,42
1185,10320,VANADIUM DISSOLVED,MG/L,V--DF039,EMS,1
97993,1920,VANADIUM DISSOLVED,UG/L,V--DX556,EMS,42
108173,3553,VANADIUM DISSOLVED,MG/L,V--DF032,EMS,1
107972,3529,VANADIUM DISSOLVED,UG/L,V--DX556,EMS,42
100477,-50127,VANADIUM EXTRACTABLE,UG/L,V--EF047,EMS,42
97609,1917,VANADIUM EXTRACTABLE,UG/L,V--EX553,EMS,42
23321,1526,VANADIUM EXTRACTABLE,MG/L,V--EF040,EMS,1
23009,1502,VANADIUM TOTAL,MG/L,V--T0040,EMS,1
1310,10356,VANADIUM TOTAL,MG/L,V--TF033,EMS,1
97529,1919,VANADIUM TOTAL,UG/L,V--TX555,EMS,42
97537,1915,VANADIUM TOTAL,MG/KG,V--TX551,EMS,310
100230,2634,VANADIUM TOTAL,MG/L,V--TF048,EMS,1
97643,1916,VANADIUM TOTAL,MG/KG,V--TX552,EMS,310
1236,10347,VANADIUM TOTAL,UG/L,V--TF068,EMS,42
1147,10319,VANADIUM TOTAL,MG/L,V--TF038,EMS,1
107936,3528,VANADIUM TOTAL,UG/L,V--TX555,EMS,42
108135,3553,VANADIUM TOTAL,MG/L,V--TF121,EMS,1
108706,2005,VANADIUM TOTAL,UG/L,V--T2005,EMS,42
-150,-2654,VOLUME,L,PVOLP793,EMS,19
-103169,-2488,WATER LEVEL ELEVATION,M-ASL,-9691,EMS,24
107974,3529,YTTRIUM DISSOLVED,UG/L,Y--DX556,EMS,42
97995,1920,YTTRIUM DISSOLVED,UG/L,Y--DX556,EMS,42
97531,1919,YTTRIUM TOTAL,UG/L,Y--TX555,EMS,42
107938,3528,YTTRIUM TOTAL,UG/L,Y--TX555,EMS,42
108708,2005,YTTRIUM TOTAL,UG/L,Y--T2005,EMS,42
97996,1920,ZINC DISSOLVED,UG/L,ZN-DX556,EMS,42
1209,10347,ZINC DISSOLVED,UG/L,ZN-DF068,EMS,42
1184,10320,ZINC DISSOLVED,MG/L,ZN-DF039,EMS,1
108175,3553,ZINC DISSOLVED,MG/L,ZN-DF032,EMS,1
107975,3529,ZINC DISSOLVED,UG/L,ZN-DX556,EMS,42
100483,-50133,ZINC EXTRACTABLE,UG/L,ZN-EF047,EMS,42
97611,1917,ZINC EXTRACTABLE,UG/L,Y--EX553,EMS,42
97611,1917,ZINC EXTRACTABLE,UG/L,ZN-EX553,EMS,42
30305,1183,ZINC EXTRACTABLE,MG/L,ZN-EX512,EMS,1
30321,1526,ZINC EXTRACTABLE,MG/L,ZN-EF040,EMS,1
30005,1183,ZINC TOTAL,MG/L,ZN-TX512,EMS,1
30009,1502,ZINC TOTAL,MG/L,ZN-T0040,EMS,1
1311,10356,ZINC TOTAL,MG/L,ZN-TF033,EMS,1
97539,1915,ZINC TOTAL,MG/KG,ZN-TX551,EMS,310
97532,1919,ZINC TOTAL,UG/L,ZN-TX555,EMS,42
100231,2634,ZINC TOTAL,MG/L,ZN-TF048,EMS,1
97645,1916,ZINC TOTAL,MG/KG,ZN-TX552,EMS,310
1235,10347,ZINC TOTAL,UG/L,ZN-TF068,EMS,42
1146,10319,ZINC TOTAL,MG/L,ZN-TF038,EMS,1
107939,3528,ZINC TOTAL,UG/L,ZN-TX555,EMS,42
108137,3553,ZINC TOTAL,MG/L,ZN-TF121,EMS,1
108709,2005,ZINC TOTAL,UG/L,Zn-T2005,EMS,42
108176,3553,ZIRCONIUM DISSOLVED,MG/L,ZR-DF032,EMS,1
1284,10356,ZIRCONIUM TOTAL,MG/L,ZR-TF033,EMS,1
108710,2005,ZIRCONIUM TOTAL,UG/L,Zr-T2005,EMS,42
108138,3553,ZIRCONIUM TOTAL,MG/L,ZR-TF121,EMS,1
